,p,BFS Time,A* Time
0,0.01,0.044206,0.22925649999999997
0,0.01,0.025757500000000044,0.16814459999999998
0,0.01,0.051057900000000045,0.2073801999999999
0,0.01,0.045121100000000025,0.3105734
0,0.01,0.05684049999999985,0.21648630000000013
0,0.01,0.028885700000000014,0.1598693
0,0.01,0.03643050000000003,0.18049189999999982
0,0.01,0.04570490000000005,0.20895280000000005
0,0.01,0.056048600000000004,0.17467480000000002
0,0.01,0.021153500000000047,0.14793489999999965
0,0.01,0.03252609999999967,0.1652452000000002
0,0.01,0.020899400000000234,0.14862529999999996
0,0.01,0.03136490000000025,0.15834880000000018
0,0.01,0.05702650000000009,0.25991169999999997
0,0.01,0.12063859999999993,0.6055102000000003
0,0.01,0.047718899999999564,0.1929482999999994
0,0.01,0.021059700000000348,0.15516299999999994
0,0.01,0.020663799999999455,0.14774620000000027
0,0.01,0.02053130000000003,0.1496694000000005
0,0.01,0.03334149999999969,0.16736790000000035
0,0.01,0.058648600000000606,0.26624239999999944
0,0.01,0.04028169999999953,0.16133889999999962
0,0.01,0.04749810000000032,0.2921233999999995
0,0.01,0.04057639999999996,0.24303600000000003
0,0.01,0.06017390000000056,0.19813280000000066
0,0.01,0.020904600000000606,0.15474069999999962
0,0.01,0.050895299999999644,0.26193700000000053
0,0.01,0.08433590000000013,0.3092214999999996
0,0.01,0.04097020000000029,0.2544588000000001
0,0.01,0.03515099999999993,0.1630111000000003
0,0.02,0.09820160000000122,0.3643914000000006
0,0.02,0.06346689999999988,0.3294832000000003
0,0.02,0.03334350000000086,0.17270270000000032
0,0.02,0.062125799999998677,0.26111879999999843
0,0.02,0.11113540000000022,0.41144489999999934
0,0.02,0.0898796000000015,0.2917556999999995
0,0.02,0.08922920000000012,0.30661930000000126
0,0.02,0.07432909999999993,0.34289210000000026
0,0.02,0.09101819999999883,0.3015287999999998
0,0.02,0.047979199999998556,0.17325499999999927
0,0.02,0.039403800000000544,0.16859849999999987
0,0.02,0.08330920000000042,0.3696722000000001
0,0.02,0.07118610000000025,0.23892719999999912
0,0.02,0.13506150000000083,0.5410916000000014
0,0.02,0.07133199999999995,0.4099436000000001
0,0.02,0.0704059000000008,0.3560914999999998
0,0.02,0.09110049999999958,0.37209930000000035
0,0.02,0.05193560000000019,0.18417999999999957
0,0.02,0.10717450000000106,0.45617479999999944
0,0.02,0.10576909999999984,0.29817819999999884
0,0.02,0.03524600000000078,0.16348019999999863
0,0.02,0.06783180000000044,0.21521519999999938
0,0.02,0.024400599999999883,0.15431550000000271
0,0.02,0.07272840000000258,0.2237171999999994
0,0.02,0.0591487000000015,0.33778350000000046
0,0.02,0.07966929999999905,0.3735898999999989
0,0.02,0.0903193999999985,0.2552013000000031
0,0.02,0.06071760000000026,0.3008135999999979
0,0.02,0.0737086999999974,0.22645419999999916
0,0.02,0.04579520000000059,0.1775897999999998
0,0.03,0.1285911000000013,0.36080559999999906
0,0.03,0.11856239999999829,0.5082001999999974
0,0.03,0.13429199999999852,0.5404525000000007
0,0.03,0.14108129999999974,0.4306181000000002
0,0.03,0.16840479999999758,0.6697357000000004
0,0.03,0.10556949999999787,0.2803022000000013
0,0.03,0.14048399999999717,0.5909902000000002
0,0.03,0.07113649999999794,0.2946547000000024
0,0.03,0.10638259999999988,0.4063087999999979
0,0.03,0.08172680000000199,0.4017803999999998
0,0.03,0.05241999999999791,0.2905768000000002
0,0.03,0.07615700000000203,0.3990475999999994
0,0.03,0.07152400000000014,0.21977119999999672
0,0.03,0.07995030000000014,0.2848610000000029
0,0.03,0.08730380000000082,0.2544645999999986
0,0.03,0.08415199999999956,0.2982112999999984
0,0.03,0.07634120000000166,0.36806749999999866
0,0.03,0.07273800000000108,0.45035069999999777
0,0.03,0.22262830000000022,0.7634404000000004
0,0.03,0.032351899999998324,0.18660119999999836
0,0.03,0.0934892000000005,0.451187400000002
0,0.03,0.09059650000000019,0.3747785999999991
0,0.03,0.13376810000000106,0.472154800000002
0,0.03,0.05906590000000023,0.1805911999999985
0,0.03,0.07315240000000145,0.40928889999999996
0,0.03,0.1617494000000015,0.4971416000000026
0,0.03,0.05171689999999529,0.29921689999999757
0,0.03,0.07509269999999901,0.3520487999999986
0,0.03,0.08271849999999858,0.3375903999999963
0,0.03,0.08751409999999993,0.2091846000000004
0,0.04,0.18992970000000042,0.8445594000000014
0,0.04,0.07421229999999923,0.393297699999998
0,0.04,0.09428880000000106,0.2603821999999951
0,0.04,0.06688980000000555,0.19989489999999677
0,0.04,0.13690839999999582,0.4063051000000044
0,0.04,0.09430719999999582,0.31561820000000296
0,0.04,0.110315099999994,0.6403967000000037
0,0.04,0.13846580000000586,0.6436802999999998
0,0.04,0.12401210000000162,0.5682702000000006
0,0.04,0.2266621999999998,0.797561800000004
0,0.04,0.08892800000000278,0.3115207999999967
0,0.04,0.12992589999999637,0.38536109999999724
0,0.04,0.12190440000000535,0.6811755000000019
0,0.04,0.0874609000000035,0.46313730000000675
0,0.04,0.09612289999999746,0.4339303000000001
0,0.04,0.11136030000000119,0.3984647999999993
0,0.04,0.0991571999999934,0.29043800000000175
0,0.04,0.12401450000000125,0.5628406999999953
0,0.04,0.09773940000000181,0.328760299999999
0,0.04,0.11409830000000198,0.22868400000000122
0,0.04,0.15593909999999767,0.6700712999999965
0,0.04,0.1461304000000041,0.5680550999999952
0,0.04,0.21133670000000393,0.7655418000000012
0,0.04,0.1303211000000033,0.3976962999999998
0,0.04,0.11891810000000191,0.4018858000000023
0,0.04,0.12417089999999575,0.45352760000000103
0,0.04,0.07056069999999437,0.23442190000000096
0,0.04,0.22883699999999862,0.8514523999999994
0,0.04,0.14110709999999926,0.6041232000000036
0,0.04,0.1562976999999961,0.4872997000000012
0,0.05,0.09760020000000225,0.2367998
0,0.05,0.16736630000000474,0.5877900000000054
0,0.05,0.15028159999999957,0.5172073999999967
0,0.05,0.1650327000000047,0.43298440000000227
0,0.05,0.148462600000002,0.4264626000000007
0,0.05,0.172319200000004,0.7246249999999961
0,0.05,0.1495911000000021,0.45349369999999567
0,0.05,0.1431798999999998,0.4426872000000017
0,0.05,0.25636760000000436,0.8831257000000008
0,0.05,0.1684728999999976,0.8131576000000038
0,0.05,0.12261119999999437,0.3380374000000046
0,0.05,0.2587112000000005,1.1360016000000002
0,0.05,0.13777309999999687,0.4025079999999974
0,0.05,0.12581199999999626,0.6175239000000019
0,0.05,0.1356092999999987,0.5246080000000006
0,0.05,0.19215029999999444,0.563757300000006
0,0.05,0.1295792000000091,0.2940806000000009
0,0.05,0.15397320000001002,0.604309200000003
0,0.05,0.13497909999999536,0.7159125000000017
0,0.05,0.21552560000000653,0.7647383999999988
0,0.05,0.09012069999999994,0.352189800000005
0,0.05,0.16292330000000277,0.6934691000000015
0,0.05,0.2031538000000097,0.6763829000000072
0,0.05,0.08294189999999446,0.2768377999999956
0,0.05,0.13666460000000313,0.46027379999999596
0,0.05,0.13922140000001093,0.41795910000000447
0,0.05,0.1460598000000033,0.6304387999999932
0,0.05,0.11837570000000142,0.3905072999999959
0,0.05,0.09738560000000973,0.3847980000000035
0,0.05,0.14871269999999015,0.5385407999999927
0,0.060000000000000005,0.17387130000000184,0.5206282000000044
0,0.060000000000000005,0.13138380000000893,0.4117420000000038
0,0.060000000000000005,0.17707120000000032,0.6881304999999998
0,0.060000000000000005,0.16847529999999722,0.4900243999999958
0,0.060000000000000005,0.1785382999999996,1.1351157
0,0.060000000000000005,0.15189080000000388,0.5084531000000112
0,0.060000000000000005,0.18833970000000022,0.6049780999999967
0,0.060000000000000005,0.1496354000000082,0.5485815000000116
0,0.060000000000000005,0.1345870999999903,0.5070173999999952
0,0.060000000000000005,0.12801229999999464,0.484749199999996
0,0.060000000000000005,0.15847250000000201,0.45392459999999346
0,0.060000000000000005,0.18770870000000173,0.6519353999999993
0,0.060000000000000005,0.12262750000000722,0.4398987999999946
0,0.060000000000000005,0.12328220000000556,0.5402674000000047
0,0.060000000000000005,0.1587523000000033,0.5761006999999978
0,0.060000000000000005,0.19712029999999459,0.45665920000000426
0,0.060000000000000005,0.26470599999998967,0.8438241000000062
0,0.060000000000000005,0.09302660000000174,0.3856526999999943
0,0.060000000000000005,0.26618459999998834,0.8513633999999968
0,0.060000000000000005,0.15082900000000166,0.6006603000000013
0,0.060000000000000005,0.20090849999999705,0.8119851000000011
0,0.060000000000000005,0.15271359999999845,0.4679234999999977
0,0.060000000000000005,0.14962790000001291,0.5385543000000013
0,0.060000000000000005,0.23079060000000595,0.7324698000000041
0,0.060000000000000005,0.2148284000000018,0.7714510999999931
0,0.060000000000000005,0.14516220000000146,0.4754941000000059
0,0.060000000000000005,0.21140639999998712,0.7462683000000112
0,0.060000000000000005,0.19375620000000993,0.7465461999999974
0,0.060000000000000005,0.2583500000000072,0.8660550000000029
0,0.060000000000000005,0.1787787000000094,0.47041610000000844
0,0.07,0.23402149999999722,0.8592076999999989
0,0.07,0.24115340000000174,0.8560609000000028
0,0.07,0.3196796000000006,1.109774299999998
0,0.07,0.161873700000001,0.47597690000000625
0,0.07,0.24585220000000163,0.9881613000000016
0,0.07,0.2708817000000039,0.637148499999995
0,0.07,0.17163730000000044,0.6539882999999946
0,0.07,0.31447579999999675,1.0885630999999876
0,0.07,0.2469817000000063,0.633129700000012
0,0.07,0.24588129999999353,0.8459258999999975
0,0.07,0.16770139999999856,0.4502470000000045
0,0.07,0.15444700000000466,0.5977940000000075
0,0.07,0.26001719999999295,1.0479514999999964
0,0.07,0.17805279999998902,0.8185081999999966
0,0.07,0.19126040000000444,0.5582684000000029
0,0.07,0.2525382000000036,1.1237622999999957
0,0.07,0.19383109999999704,0.902035699999999
0,0.07,0.08015829999999369,0.2608189999999979
0,0.07,0.178061900000003,0.669364200000004
0,0.07,0.27924910000000125,0.7051316000000014
0,0.07,0.1519839999999988,0.5921939000000123
0,0.07,0.2532728999999989,0.7255061999999981
0,0.07,0.18796159999999418,0.549241600000002
0,0.07,0.2152116000000035,0.9681349000000097
0,0.07,0.27506319999999107,1.3458532000000076
0,0.07,0.2324522999999914,0.6658132000000023
0,0.07,0.2971598999999969,1.1988445999999868
0,0.07,0.27201580000000547,0.7939341000000013
0,0.07,0.23433819999999628,1.0447135000000003
0,0.07,0.2710934999999921,0.9231458999999944
0,0.08,0.31724969999999075,0.9327752000000089
0,0.08,0.17657239999999774,0.4995287999999789
0,0.08,0.2998563999999817,0.9994849999999929
0,0.08,0.14409520000000953,0.5523922999999797
0,0.08,0.3054766999999856,0.903743999999989
0,0.08,0.32929760000001806,0.7284740000000056
0,0.08,0.23331539999998085,0.8451742999999965
0,0.08,0.19000710000000254,0.6986583000000053
0,0.08,0.1828017999999929,0.4579844999999807
0,0.08,0.28499640000001136,0.892271600000015
0,0.08,0.26442120000001523,1.008907999999991
0,0.08,0.17124430000001212,0.6656327000000033
0,0.08,0.21276440000002594,0.500111899999979
0,0.08,0.30063790000002655,0.8968010000000106
0,0.08,0.16344760000001202,0.4810800999999856
0,0.08,0.18361889999999903,0.5178227000000106
0,0.08,0.31915879999999675,1.2999536000000091
0,0.08,0.21833720000000767,0.6710205999999914
0,0.08,0.21990979999998217,0.9421391999999855
0,0.08,0.17421380000001818,0.5040040999999746
0,0.08,0.2651634000000058,0.9872627999999963
0,0.08,0.18202859999999532,0.6934775999999943
0,0.08,0.2641973000000064,0.8130500999999981
0,0.08,0.34292410000000473,1.2013449000000094
0,0.08,0.20006680000000188,0.5637590999999986
0,0.08,0.24504079999999817,0.9450767000000155
0,0.08,0.2762218999999959,1.0679913999999826
0,0.08,0.2019743000000176,0.8078614000000073
0,0.08,0.2002929000000222,0.7657700000000034
0,0.08,0.1974316000000158,0.6263513000000103
0,0.09,0.2872639999999933,1.1467836000000204
0,0.09,0.294519600000001,0.8509627999999907
0,0.09,0.22982100000001537,0.8398674000000028
0,0.09,0.23961709999997538,0.7562485999999922
0,0.09,0.2607571000000064,1.034684900000002
0,0.09,0.30366950000001225,1.0799662999999953
0,0.09,0.2160421000000099,0.5341339999999946
0,0.09,0.16377369999997882,0.7136084999999923
0,0.09,0.22980799999999135,0.6748800999999958
0,0.09,0.2738501000000042,1.0446302999999943
0,0.09,0.16874340000001098,0.9379840999999942
0,0.09,0.29108349999998495,0.8665513999999916
0,0.09,0.27015409999998496,0.8252912000000094
0,0.09,0.23308009999999513,0.8029463999999962
0,0.09,0.2812527999999759,0.8617203000000018
0,0.09,0.29641140000001087,1.0455412999999965
0,0.09,0.21682669999998438,0.5689848000000097
0,0.09,0.40515689999998017,1.7561481000000185
0,0.09,0.2831427000000133,0.8563089999999818
0,0.09,0.18955719999999587,0.6478328000000033
0,0.09,0.32930249999998296,1.1921762999999999
0,0.09,0.3363999000000035,0.908131400000002
0,0.09,0.277187199999986,0.8514312000000075
0,0.09,0.23100519999999847,0.6726494000000116
0,0.09,0.23122999999998228,0.8084652000000006
0,0.09,0.33612559999997416,1.1132311000000072
0,0.09,0.19768170000000396,0.8516106999999806
0,0.09,0.14379950000000008,0.3394341000000054
0,0.09,0.2950922999999932,1.2819585000000018
0,0.09,0.2031218999999851,0.6687938999999972
0,0.09999999999999999,0.30536809999998127,1.0730826999999863
0,0.09999999999999999,0.3159416999999962,1.1441713000000107
0,0.09999999999999999,0.2550540000000012,0.8882255000000043
0,0.09999999999999999,0.36193940000001135,1.020245100000011
0,0.09999999999999999,0.4610050999999942,1.4100366000000122
0,0.09999999999999999,0.3396543000000065,1.4022051000000033
0,0.09999999999999999,0.3756879999999967,0.9977542999999969
0,0.09999999999999999,0.4878740999999991,1.284206399999988
0,0.09999999999999999,0.25549309999999537,0.8311682000000076
0,0.09999999999999999,0.2588130000000035,0.6331250000000068
0,0.09999999999999999,0.3939948999999956,1.2993269000000112
0,0.09999999999999999,0.1749339000000134,0.5878953000000138
0,0.09999999999999999,0.41536769999999024,1.693345700000009
0,0.09999999999999999,0.333478499999984,1.2262589999999989
0,0.09999999999999999,0.2275506000000007,0.8902256000000079
0,0.09999999999999999,0.323721699999993,0.9419254000000024
0,0.09999999999999999,0.3254050000000177,1.0406519999999944
0,0.09999999999999999,0.2903120000000001,1.144398499999994
0,0.09999999999999999,0.2797821000000056,1.0775536000000159
0,0.09999999999999999,0.37582480000000373,1.1037175999999818
0,0.09999999999999999,0.3066791000000251,1.113145000000003
0,0.09999999999999999,0.4542662000000064,1.0796781999999894
0,0.09999999999999999,0.5120676999999887,1.286672799999991
0,0.09999999999999999,0.34732249999999,1.225890800000002
0,0.09999999999999999,0.4011423999999977,1.479650399999997
0,0.09999999999999999,0.44247680000000855,1.171789799999999
0,0.09999999999999999,0.3922542999999905,1.4029673000000003
0,0.09999999999999999,0.20459840000000895,0.47942449999999326
0,0.09999999999999999,0.31147889999999734,1.074479800000006
0,0.09999999999999999,0.31611910000000876,0.9745524999999873
0,0.10999999999999999,0.27228230000000053,0.9143914999999936
0,0.10999999999999999,0.296340100000009,0.7219355999999948
0,0.10999999999999999,0.25845819999997843,0.8204183
0,0.10999999999999999,0.23914460000000304,0.5630098999999973
0,0.10999999999999999,0.41218610000001377,1.3856964999999946
0,0.10999999999999999,0.31417290000001685,1.061518800000016
0,0.10999999999999999,0.3954166999999984,0.9527695000000165
0,0.10999999999999999,0.26629760000000147,0.7273668999999927
0,0.10999999999999999,0.3803980000000138,0.9023952999999949
0,0.10999999999999999,0.3144408999999939,0.8714986999999894
0,0.10999999999999999,0.3980186999999944,1.5416845999999964
0,0.10999999999999999,0.33987589999998136,1.4455583999999817
0,0.10999999999999999,0.27308300000001395,0.9068306000000064
0,0.10999999999999999,0.2817350999999917,1.0106244000000117
0,0.10999999999999999,0.18766940000000432,0.7365077000000042
0,0.10999999999999999,0.3625931000000264,1.337583699999982
0,0.10999999999999999,0.3127183999999943,1.098814799999957
0,0.10999999999999999,0.38294369999999844,1.3072786999999835
0,0.10999999999999999,0.28730480000001535,1.0757462999999916
0,0.10999999999999999,0.41030949999998256,1.1855080999999927
0,0.10999999999999999,0.3165013999999928,0.9534868000000074
0,0.10999999999999999,0.27556229999999005,0.9283575999999698
0,0.10999999999999999,0.34168809999999894,1.1137972000000218
0,0.10999999999999999,0.39179409999997006,1.2760653000000275
0,0.10999999999999999,0.3356840999999804,1.1825513999999657
0,0.10999999999999999,0.45120520000000397,1.8140827999999942
0,0.10999999999999999,0.35509759999996504,1.2443908999999849
0,0.10999999999999999,0.19037859999997409,0.4645169000000351
0,0.10999999999999999,0.40949359999996204,1.077582399999983
0,0.10999999999999999,0.32600580000001855,1.134060799999986
0,0.11999999999999998,0.3829678000000172,1.4418687000000432
0,0.11999999999999998,0.46581349999996746,1.6951839000000177
0,0.11999999999999998,0.2717339999999808,0.9641993000000184
0,0.11999999999999998,0.4430487999999855,1.2666042999999831
0,0.11999999999999998,0.3101735999999846,1.0100623000000155
0,0.11999999999999998,0.34854609999996455,1.1029862999999978
0,0.11999999999999998,0.25380680000000666,0.8784544000000096
0,0.11999999999999998,0.2798847999999907,1.0000539000000117
0,0.11999999999999998,0.344222200000047,1.2259708000000273
0,0.11999999999999998,0.3916048000000387,1.3239773999999898
0,0.11999999999999998,0.4069666999999981,1.3973614000000225
0,0.11999999999999998,0.31156249999997954,1.1491274999999632
0,0.11999999999999998,0.23896889999997484,0.6765003999999522
0,0.11999999999999998,0.3337890000000243,0.9651489999999967
0,0.11999999999999998,0.3238830999999891,1.0321204999999622
0,0.11999999999999998,0.3619817000000012,1.2658795000000396
0,0.11999999999999998,0.442001600000026,1.7321284000000219
0,0.11999999999999998,0.24488550000000942,0.7798564000000283
0,0.11999999999999998,0.43614560000003166,1.1483599000000027
0,0.11999999999999998,0.28761819999999716,1.0493187999999805
0,0.11999999999999998,0.38419189999996206,1.600351000000046
0,0.11999999999999998,0.3612271000000078,1.3947127000000137
0,0.11999999999999998,0.3227345000000241,0.8646873999999798
0,0.11999999999999998,0.32077229999998735,0.9935497999999825
0,0.11999999999999998,0.3810588999999709,1.4138335999999754
0,0.11999999999999998,0.3175789000000009,0.9309079999999881
0,0.11999999999999998,0.36948730000000296,1.0296333000000004
0,0.11999999999999998,0.4272284999999556,1.7183428000000163
0,0.11999999999999998,0.39817170000003443,1.6654187999999976
0,0.11999999999999998,0.21648890000000165,0.9616245000000276
0,0.12999999999999998,0.5508499999999685,1.8055747000000224
0,0.12999999999999998,0.48843800000003057,1.3952034999999796
0,0.12999999999999998,0.2508151999999768,0.8547924999999736
0,0.12999999999999998,0.2578252000000134,1.0835850000000278
0,0.12999999999999998,0.42146559999997635,1.352053299999966
0,0.12999999999999998,0.37928080000000364,1.0760760000000005
0,0.12999999999999998,0.3417709999999943,1.2035106999999812
0,0.12999999999999998,0.5171232999999802,1.4754747999999722
0,0.12999999999999998,0.5318757000000005,1.7781794999999647
0,0.12999999999999998,0.4185426000000234,1.2143484000000058
0,0.12999999999999998,0.35140110000003233,1.2352758000000108
0,0.12999999999999998,0.40984449999996286,1.620608500000003
0,0.12999999999999998,0.386863500000004,1.4039244999999596
0,0.12999999999999998,0.28683829999999944,1.0108857999999827
0,0.12999999999999998,0.42843489999995654,1.0021907000000283
0,0.12999999999999998,0.4838431000000014,1.2748258999999962
0,0.12999999999999998,0.46121539999995775,1.35292290000001
0,0.12999999999999998,0.5074104999999918,2.0273695000000203
0,0.12999999999999998,0.4846474000000285,1.380752599999994
0,0.12999999999999998,0.26602689999998574,0.8352150999999708
0,0.12999999999999998,0.36543469999998024,1.250592499999982
0,0.12999999999999998,0.3891428000000019,1.1160166999999888
0,0.12999999999999998,0.33717509999996764,0.981009800000038
0,0.12999999999999998,0.28197079999995367,1.0159184000000323
0,0.12999999999999998,0.3325456000000031,1.1672462000000223
0,0.12999999999999998,0.3009554999999864,1.2920363000000066
0,0.12999999999999998,0.5976006999999868,1.8369127000000276
0,0.12999999999999998,0.24114339999999856,0.8580087000000276
0,0.12999999999999998,0.5628413000000023,1.6922842000000173
0,0.12999999999999998,0.44505299999997305,1.3148426999999856
0,0.13999999999999999,0.423819299999991,1.6896681999999714
0,0.13999999999999999,0.44676640000000134,1.0657475000000431
0,0.13999999999999999,0.4282054000000244,1.234411200000011
0,0.13999999999999999,0.3498195000000237,1.0047829000000092
0,0.13999999999999999,0.44599059999995916,1.1267197999999894
0,0.13999999999999999,0.3853644999999801,1.4482338000000254
0,0.13999999999999999,0.35296130000000403,1.158802699999967
0,0.13999999999999999,0.6135031999999683,1.9331743000000188
0,0.13999999999999999,0.490190699999971,1.638680899999997
0,0.13999999999999999,0.4130615999999918,1.0039221000000111
0,0.13999999999999999,0.3783018000000311,1.316842099999974
0,0.13999999999999999,0.45024250000000166,1.6349766999999815
0,0.13999999999999999,0.5256550000000288,1.9569726999999943
0,0.13999999999999999,0.5750253999999586,1.9975062999999977
0,0.13999999999999999,0.33689359999999624,1.0607906000000185
0,0.13999999999999999,0.5657696000000101,1.9199419999999918
0,0.13999999999999999,0.404882500000042,1.3063238000000297
0,0.13999999999999999,0.6350583999999913,2.281260599999996
0,0.13999999999999999,0.41717640000001666,1.4453690999999935
0,0.13999999999999999,0.46418119999998453,1.7241256000000362
0,0.13999999999999999,0.6881798000000003,1.3505688999999848
0,0.13999999999999999,0.5360724000000232,1.7747155000000134
0,0.13999999999999999,0.44687319999997044,1.4470701999999847
0,0.13999999999999999,0.3959078000000318,1.3749205999999958
0,0.13999999999999999,0.2358868999999686,0.7820864000000256
0,0.13999999999999999,0.442272800000012,1.3018648000000326
0,0.13999999999999999,0.4375603999999953,1.622915799999987
0,0.13999999999999999,0.2793068999999946,0.9859877000000097
0,0.13999999999999999,0.303531200000009,1.1578331000000048
0,0.13999999999999999,0.31269750000001295,0.8546905999999694
0,0.15,0.4327186000000438,1.4060400999999842
0,0.15,0.47775669999998627,1.8833013000000278
0,0.15,0.354855299999997,1.3227258000000006
0,0.15,0.5640799999999899,1.9316552000000229
0,0.15,0.34292399999998224,1.4299963999999932
0,0.15,0.5751025000000141,1.9482259000000113
0,0.15,0.4704749999999649,1.6253623000000061
0,0.15,0.3969458999999915,1.3135244000000057
0,0.15,0.4461565999999948,1.1227443000000221
0,0.15,0.30088749999998754,1.0024691000000416
0,0.15,0.4375663000000145,1.1603099999999813
0,0.15,0.41892630000000963,1.4284643999999957
0,0.15,0.4617954999999938,1.3921025000000213
0,0.15,0.5300156000000129,1.1911681999999928
0,0.15,0.35867569999999205,1.2139516999999955
0,0.15,0.5384353000000033,2.005939500000011
0,0.15,0.5224562999999876,1.6034200000000283
0,0.15,0.4390263999999888,1.5439469000000372
0,0.15,0.4466742000000181,1.134066099999984
0,0.15,0.48562689999999975,1.3902186999999913
0,0.15,0.5579084000000307,1.5726538999999775
0,0.15,0.44810569999998506,1.6924752000000467
0,0.15,0.440308400000049,1.2341325000000438
0,0.15,0.40519449999999324,1.5601491000000465
0,0.15,0.3898451000000023,1.2187485000000038
0,0.15,0.45289750000000595,1.4972199000000046
0,0.15,0.38782380000003513,0.8185737000000017
0,0.15,0.47801759999998694,1.9305859000000396
0,0.15,0.47893319999997175,1.4991673999999762
0,0.15,0.35096879999997554,0.7760754999999904
0,0.16,0.4022867999999562,1.1755105999999955
0,0.16,0.4186124000000291,1.4663980999999922
0,0.16,0.4082595000000424,1.7512689000000137
0,0.16,0.396339399999988,1.452889099999993
0,0.16,0.46918110000001434,1.3191372999999658
0,0.16,0.3467977999999903,1.098017499999969
0,0.16,0.3646554999999694,1.6565511000000015
0,0.16,0.40938440000002174,1.2132730999999808
0,0.16,0.4405801999999994,1.5491154000000051
0,0.16,0.6057908000000225,1.8757926000000111
0,0.16,0.4124997000000121,1.1157868999999891
0,0.16,0.42976010000000997,1.4909768999999642
0,0.16,0.5375647000000754,1.8717852999999423
0,0.16,0.3764811999999438,0.7767900999999711
0,0.16,0.4565062000000353,1.4251226000000088
0,0.16,0.41352869999991526,1.263264700000036
0,0.16,0.4789261999999326,1.5132286000000477
0,0.16,0.41202639999994517,1.4653599000000668
0,0.16,0.5342193000000179,1.8420880999999554
0,0.16,0.35475989999997637,1.0499898000000485
0,0.16,0.4980769999999666,1.9293322000000899
0,0.16,0.5835706999999957,1.9576667000000043
0,0.16,0.6746799999999666,1.6355367999999544
0,0.16,0.43447279999998045,1.6187512000000197
0,0.16,0.5740240999999742,1.8767553000000134
0,0.16,0.3756393000001026,1.1270302000000356
0,0.16,0.37818749999996726,0.9356295000000046
0,0.16,0.3951004999998986,1.4338771999999835
0,0.16,0.5369358000000375,1.7438384999999244
0,0.16,0.5601235000000315,2.1601759999999786
0,0.17,0.46187300000008236,1.4520597000000635
0,0.17,0.6161591000000044,2.0515371000000187
0,0.17,0.46005539999998746,1.3374208999999837
0,0.17,0.44649920000006205,1.852449399999955
0,0.17,0.553051900000014,1.9770056999999497
0,0.17,0.6758378000000675,2.1356832000000168
0,0.17,0.46638240000004316,1.5622289000000364
0,0.17,0.4699272000000292,1.618177400000036
0,0.17,0.335237500000062,0.9929986999999301
0,0.17,0.4537149000000227,1.3595076999999947
0,0.17,0.45006499999999505,1.4684032000000116
0,0.17,0.5184783999999354,1.4325814000000037
0,0.17,0.3891640000000507,1.1644284999999854
0,0.17,0.6213718000000199,2.34463489999996
0,0.17,0.5132322000000613,2.0203999000000294
0,0.17,0.48930480000001353,1.8725807000000714
0,0.17,0.5606439000000591,1.8315552000000253
0,0.17,0.3650955000000522,1.081390199999987
0,0.17,0.28838680000001204,0.9512122999999519
0,0.17,0.4976983000000246,1.6688539000000446
0,0.17,0.5367529000000104,1.8100685000000567
0,0.17,0.47765990000004876,1.7529737999999497
0,0.17,0.4838668999999527,1.9933998999999858
0,0.17,0.47730830000000424,1.1298609000000397
0,0.17,0.6623023000000785,1.9436252000000422
0,0.17,0.43424559999994017,1.1920853999999963
0,0.17,0.41639469999995526,1.4556336000000556
0,0.17,0.5122620000000779,1.4446965000000773
0,0.17,0.4676933000000645,1.4090214999999944
0,0.17,0.6851944000000003,1.826388100000031
0,0.18000000000000002,0.3922180000000708,1.01636330000008
0,0.18000000000000002,0.5930421000000479,1.4960105000000112
0,0.18000000000000002,0.5812458000000333,1.9208270000000311
0,0.18000000000000002,0.5445737999999665,1.9239671000000271
0,0.18000000000000002,0.6805245000000468,1.8104631999999583
0,0.18000000000000002,0.5146400999999514,1.3526505999999472
0,0.18000000000000002,0.6267509000000473,1.9247420000000375
0,0.18000000000000002,0.5933508000000529,1.9386822000000166
0,0.18000000000000002,0.5265693000000056,1.5353070999999545
0,0.18000000000000002,0.517405300000064,1.71657330000005
0,0.18000000000000002,0.5877392999999529,1.584477100000072
0,0.18000000000000002,0.6033019000000195,1.663336299999969
0,0.18000000000000002,0.6051697999999988,1.8206314999999904
0,0.18000000000000002,0.5227298999999448,1.52479500000004
0,0.18000000000000002,0.40520219999996243,1.2499387000000297
0,0.18000000000000002,0.4917235000000346,1.6403196999999636
0,0.18000000000000002,0.5293267000000696,2.1395737999999938
0,0.18000000000000002,0.982982399999969,3.895830799999999
0,0.18000000000000002,0.5702508000000535,1.5075330999999323
0,0.18000000000000002,0.3835617000000866,1.141705399999978
0,0.18000000000000002,0.7720406999999341,2.462402099999963
0,0.18000000000000002,0.5777126000000408,1.6810625000000528
0,0.18000000000000002,0.4817266000000018,1.4017677000000504
0,0.18000000000000002,0.4398990000000822,1.078730700000051
0,0.18000000000000002,0.7359578000000511,2.5723853000000645
0,0.18000000000000002,0.4872646999999688,1.7873303000000078
0,0.18000000000000002,0.5083061999999927,1.3585663000000068
0,0.18000000000000002,0.42718189999993683,1.4467118999999684
0,0.18000000000000002,0.7660654000000022,2.582111599999962
0,0.18000000000000002,0.5058445000000802,1.5734452000000374
0,0.19000000000000003,0.5530107000000726,1.5178167999999914
0,0.19000000000000003,0.5932870999999977,1.8847471000000269
0,0.19000000000000003,0.4311026000000311,1.1616808999999648
0,0.19000000000000003,0.6162211000000752,2.018978899999979
0,0.19000000000000003,0.4838997000000518,1.6904677999999649
0,0.19000000000000003,0.5059221000000207,1.6353318999999829
0,0.19000000000000003,0.5727232000000413,1.2525252000000364
0,0.19000000000000003,0.43581570000003467,1.4056959999999208
0,0.19000000000000003,0.42349369999999453,1.4074476999999206
0,0.19000000000000003,0.5638701999999967,1.5235370999999986
0,0.19000000000000003,0.5475020999999742,1.5256365999999844
0,0.19000000000000003,0.6973975999999311,2.0329948999999488
0,0.19000000000000003,0.4154113999999254,1.119747699999948
0,0.19000000000000003,0.5973261999999977,1.8843996000000516
0,0.19000000000000003,0.5720161999998936,1.972851300000002
0,0.19000000000000003,0.6571341000000075,2.3858264999998937
0,0.19000000000000003,0.5651204999999209,1.923128199999951
0,0.19000000000000003,0.5374358999999913,1.6446955000000116
0,0.19000000000000003,0.7901577999999745,2.237725599999976
0,0.19000000000000003,0.577039099999979,1.7517657000000781
0,0.19000000000000003,0.3557308000000603,1.1673110000000406
0,0.19000000000000003,0.6659333999999717,2.156070999999997
0,0.19000000000000003,0.709419099999991,2.964077599999996
0,0.19000000000000003,0.5198910999999953,1.7370458000000326
0,0.19000000000000003,0.5240208999999822,1.4494095999999672
0,0.19000000000000003,0.3942951000000221,0.8923890999999458
0,0.19000000000000003,0.5147159999999076,1.5624493999999913
0,0.19000000000000003,0.4817778999999973,1.669692800000007
0,0.19000000000000003,0.5000635000000102,1.426191700000004
0,0.19000000000000003,0.5460156999999981,1.2966927000001078
0,0.20000000000000004,0.6940883999999414,2.093480500000055
0,0.20000000000000004,0.5698256999999103,1.8739219999999932
0,0.20000000000000004,0.7085213000000294,2.422315699999899
0,0.20000000000000004,0.5301666999999952,1.7149912000000995
0,0.20000000000000004,0.748633199999972,2.298941099999979
0,0.20000000000000004,0.7020420000000058,2.247692700000016
0,0.20000000000000004,0.6069061000000602,1.745350599999938
0,0.20000000000000004,0.7675773999999365,1.880171599999926
0,0.20000000000000004,0.632020099999977,2.336212499999988
0,0.20000000000000004,0.564208800000074,1.517189099999996
0,0.20000000000000004,0.6799348000000691,1.9928312999999207
0,0.20000000000000004,0.5804119000000583,1.4782542000000376
0,0.20000000000000004,0.7086817000000565,2.5089658999999074
0,0.20000000000000004,0.5017375000001039,1.6240510000000086
0,0.20000000000000004,0.5440578000000187,1.7492730000000165
0,0.20000000000000004,0.8560286000000588,2.8141376999999466
0,0.20000000000000004,0.7058065999999599,2.0275927999999794
0,0.20000000000000004,0.6276637000000846,1.6632260999999744
0,0.20000000000000004,0.5528240999999525,1.5794385000000375
0,0.20000000000000004,0.6252074000000221,1.8597965999999815
0,0.20000000000000004,0.7172893999999133,2.556386400000065
0,0.20000000000000004,0.6254854999999679,1.3425807000000987
0,0.20000000000000004,0.5032771999999568,1.8827153999999382
0,0.20000000000000004,0.6067792000000054,2.3457114000000274
0,0.20000000000000004,0.8858825999999453,2.6509320000000116
0,0.20000000000000004,0.5215672000000495,1.6900114999999687
0,0.20000000000000004,0.6112567999999783,1.7493712000000414
0,0.20000000000000004,0.60543389999998,1.5706543999999667
0,0.20000000000000004,0.6195589999999811,2.0509270000000015
0,0.20000000000000004,0.5203441000001021,1.6937149999999974
0,0.21000000000000005,0.5553318999999419,1.7116088000000218
0,0.21000000000000005,0.8234554000000571,2.3512627999999722
0,0.21000000000000005,0.5240576000001056,1.541830599999912
0,0.21000000000000005,0.6492670000000089,2.0271417000000156
0,0.21000000000000005,0.6726541000000452,1.8834127999999737
0,0.21000000000000005,0.5055143999999245,1.360201800000027
0,0.21000000000000005,0.4905022000000372,1.2245311000000356
0,0.21000000000000005,0.6793374999999742,2.4939940000000433
0,0.21000000000000005,0.7395827999999938,1.9872645000000375
0,0.21000000000000005,0.6376116000000138,2.0844761999999264
0,0.21000000000000005,0.8645822000000862,2.6024108000000297
0,0.21000000000000005,0.5445138000000043,1.5639998999999989
0,0.21000000000000005,0.8832667000000356,2.4855850999999802
0,0.21000000000000005,0.8451510999999527,2.6303748999999925
0,0.21000000000000005,0.5974830000000111,1.5641676000000189
0,0.21000000000000005,0.4114692999999079,1.3628744000000097
0,0.21000000000000005,0.6754604999999856,2.3248768999999356
0,0.21000000000000005,0.6502887999999984,2.206106499999919
0,0.21000000000000005,0.6529358000000229,1.9056997999999794
0,0.21000000000000005,0.72259489999999,2.1925615999999764
0,0.21000000000000005,0.840040799999997,2.4439449000000195
0,0.21000000000000005,0.6647543999999925,2.411335300000019
0,0.21000000000000005,0.8382305999999744,2.8148756000000503
0,0.21000000000000005,0.5532134000000042,2.061820099999977
0,0.21000000000000005,0.5262347999999974,1.4350891000000274
0,0.21000000000000005,0.6419559000000845,1.64702740000007
0,0.21000000000000005,0.4775897999999188,1.3947140999999874
0,0.21000000000000005,0.9925670999999738,2.1745263999999906
0,0.21000000000000005,0.6966278999999531,1.9343575000000328
0,0.21000000000000005,0.6249672999999802,2.3673054000000775
0,0.22000000000000006,0.7695618999999851,2.0618405999999823
0,0.22000000000000006,0.5749923999999282,2.1617443000000094
0,0.22000000000000006,0.5854984000000059,1.9946096999999554
0,0.22000000000000006,0.8079333000000588,2.4866855000000214
0,0.22000000000000006,0.6623554999999897,2.213046899999995
0,0.22000000000000006,0.5495951000000332,1.8574036999999635
0,0.22000000000000006,0.47808520000000954,1.5230000999999902
0,0.22000000000000006,0.873626100000024,3.346454699999981
0,0.22000000000000006,0.5514190999999755,1.6604726000000483
0,0.22000000000000006,0.8671423999999206,2.6590509999999767
0,0.22000000000000006,0.627850399999943,1.9331324999999424
0,0.22000000000000006,0.5977448999999524,1.9685051000000158
0,0.22000000000000006,0.7867518000000473,2.851402099999973
0,0.22000000000000006,0.7623457999999346,2.598259599999892
0,0.22000000000000006,0.5336948000000348,1.9651675999999725
0,0.22000000000000006,0.6967376000000058,1.9803367999999182
0,0.22000000000000006,0.6445942999999943,1.546782599999915
0,0.22000000000000006,1.0376949000000195,3.0951191000000335
0,0.22000000000000006,0.6285711000000447,1.8609395999999379
0,0.22000000000000006,0.5306942999999364,1.6180001999999831
0,0.22000000000000006,0.8921912000000702,3.210029899999995
0,0.22000000000000006,0.6084803999999622,2.0624246999999514
0,0.22000000000000006,0.7248004999999011,2.119257100000027
0,0.22000000000000006,0.6188458999999966,2.144680699999981
0,0.22000000000000006,0.7160240999999132,2.5413407999999436
0,0.22000000000000006,0.7393500999999105,2.360858300000018
0,0.22000000000000006,0.7916661999998951,2.3868821999999454
0,0.22000000000000006,0.9068093999999292,2.5780408000000534
0,0.22000000000000006,0.6010138000000325,1.7968031999999994
0,0.22000000000000006,0.7104600999999775,2.2759141999999883
0,0.23000000000000007,0.6150282000000971,2.124420799999939
0,0.23000000000000007,0.6718051999999943,1.9453840999999557
0,0.23000000000000007,0.6316699999999855,2.107423400000016
0,0.23000000000000007,0.7817354000000023,2.065286599999922
0,0.23000000000000007,0.7528003999999555,2.2945539999999482
0,0.23000000000000007,0.7709149000000934,2.642312499999889
0,0.23000000000000007,0.6869311999998899,1.9553323000000091
0,0.23000000000000007,0.8661842999999863,2.7311111999999866
0,0.23000000000000007,0.5859450999998899,1.8992454000001544
0,0.23000000000000007,0.7173333999999159,1.9531111000001147
0,0.23000000000000007,0.8994304000000284,2.9964319999999134
0,0.23000000000000007,0.828261399999974,2.2385807999999088
0,0.23000000000000007,0.6930497999999261,1.9280767000000196
0,0.23000000000000007,0.7515926000000945,2.7010730000001786
0,0.23000000000000007,0.6490018000001783,2.008066599999893
0,0.23000000000000007,0.653106600000001,2.03689519999989
0,0.23000000000000007,0.6327786000001652,2.657298899999887
0,0.23000000000000007,0.6079317000001083,1.6219345000001795
0,0.23000000000000007,0.8245756999999685,2.7467236999998477
0,0.23000000000000007,0.8480350999998336,2.596458200000143
0,0.23000000000000007,0.9322042000001147,3.5918861000000106
0,0.23000000000000007,0.6505518999999822,1.8688982000001033
0,0.23000000000000007,0.7627315000002,2.1096964999999273
0,0.23000000000000007,0.70259800000008,2.4012623999999505
0,0.23000000000000007,0.7782403999999588,2.3601851000000806
0,0.23000000000000007,0.6550698000000921,2.2980740000000424
0,0.23000000000000007,0.8214544000002206,2.6428098000001228
0,0.23000000000000007,0.7398532000001978,2.3125290999998924
0,0.23000000000000007,0.7834623999999621,2.4779833000000053
0,0.23000000000000007,0.7415356000001339,2.3569512000001396
0,0.24000000000000007,0.6173105999998825,1.952941600000031
0,0.24000000000000007,0.6455678999998327,2.234732699999995
0,0.24000000000000007,0.6269978999998784,2.2498562000000675
0,0.24000000000000007,0.819832500000075,3.107987299999877
0,0.24000000000000007,1.0079541000000063,3.1437025999998696
0,0.24000000000000007,0.7373473999998623,2.09536009999988
0,0.24000000000000007,0.8001111000000947,2.686795200000006
0,0.24000000000000007,1.038552399999844,3.8410063999999693
0,0.24000000000000007,0.931209299999864,2.4510281999998824
0,0.24000000000000007,0.949262200000021,2.5503726000001734
0,0.24000000000000007,0.6834830999998758,2.4246206999998776
0,0.24000000000000007,1.093896500000028,3.4433354999998755
0,0.24000000000000007,0.9752478000000337,3.1576006999998754
0,0.24000000000000007,0.9561000999999578,2.3971263999999337
0,0.24000000000000007,0.9200760999999602,3.0416442999999163
0,0.24000000000000007,0.6924056999998811,2.1424024000000372
0,0.24000000000000007,0.6654778000001897,2.3534476999998333
0,0.24000000000000007,0.8484585999999581,2.4290013999998337
0,0.24000000000000007,0.7422619999999824,2.139157700000169
0,0.24000000000000007,1.2673793000001297,2.8038616000001184
0,0.24000000000000007,0.772320099999888,2.5272717000000284
0,0.24000000000000007,0.9613245000000461,3.324727800000119
0,0.24000000000000007,0.6519111000000066,1.8769549999999526
0,0.24000000000000007,0.8586242000001221,3.2058316999998624
0,0.24000000000000007,0.8716300000000956,2.5855260000000726
0,0.24000000000000007,0.49847060000001875,1.4871875999999702
0,0.24000000000000007,0.8941064999999071,2.9042307000001983
0,0.24000000000000007,1.0974562999999762,3.888460699999996
0,0.24000000000000007,0.7922451000001729,2.7519474000000628
0,0.24000000000000007,0.9168102000000999,1.998774800000092
0,0.25000000000000006,0.9975380000000769,2.9753012000001036
0,0.25000000000000006,0.80712410000001,2.508932400000049
0,0.25000000000000006,0.8685473999998976,2.624166800000012
0,0.25000000000000006,0.780686199999991,2.520173399999976
0,0.25000000000000006,0.7720848999999816,2.0966037000000597
0,0.25000000000000006,0.7830513999999766,2.2343642000000727
0,0.25000000000000006,0.7080877000000783,2.8454644000000826
0,0.25000000000000006,1.1404084000000694,3.5142759000000297
0,0.25000000000000006,0.7554855000000771,2.2478512999998657
0,0.25000000000000006,0.9230632999999671,3.1276368999999704
0,0.25000000000000006,0.865126299999929,2.671232300000156
0,0.25000000000000006,1.2178587999999309,2.9993941000000177
0,0.25000000000000006,0.9178755999998884,2.808131900000035
0,0.25000000000000006,0.45727160000001277,0.8182967999998709
0,0.25000000000000006,0.87160659999995,1.6673947999997836
0,0.25000000000000006,0.6287494999999126,2.4718794000000344
0,0.25000000000000006,0.6559758000000784,2.341547999999875
0,0.25000000000000006,0.9006726000000072,2.4764158999998926
0,0.25000000000000006,0.6804283999999825,2.207136799999944
0,0.25000000000000006,0.8456444000000829,2.506612700000005
0,0.25000000000000006,0.9743063999999322,3.288296100000025
0,0.25000000000000006,0.7806447000000389,2.5395610999999008
0,0.25000000000000006,0.7400544000001901,2.2676415000000816
0,0.25000000000000006,0.8846023000000969,3.330473799999936
0,0.25000000000000006,0.9857769000000189,3.5486414000001787
0,0.25000000000000006,0.9726586000001589,2.7179221000001235
0,0.25000000000000006,0.8014275000000453,2.200603499999943
0,0.25000000000000006,0.8827011000000766,2.8883442000001196
0,0.25000000000000006,0.8903238999998848,2.154700599999842
0,0.25000000000000006,0.8236848999999893,2.6963347999999314
0,0.26000000000000006,1.1284574999999677,3.453931300000022
0,0.26000000000000006,0.9904343999999128,3.226625600000034
0,0.26000000000000006,1.1103877999998986,2.445718399999805
0,0.26000000000000006,1.061564399999952,2.95632599999999
0,0.26000000000000006,1.0557734999999866,4.163245700000061
0,0.26000000000000006,0.7974080999999842,2.4447622000000138
0,0.26000000000000006,0.6871303999998872,1.8987935000000107
0,0.26000000000000006,0.8297721999999794,2.9446645000000444
0,0.26000000000000006,0.8458148000001984,2.13226399999985
0,0.26000000000000006,0.584643799999867,2.3131398000000445
0,0.26000000000000006,0.9837072000000262,3.2279817999999523
0,0.26000000000000006,0.9193486000001485,3.2251187000001664
0,0.26000000000000006,1.062534400000004,4.046110800000179
0,0.26000000000000006,1.2314820999999938,2.8338895000001685
0,0.26000000000000006,0.8762103999999908,2.9867825000001176
0,0.26000000000000006,0.9696701000000303,2.767883899999788
0,0.26000000000000006,0.9014607000001433,2.6109722999999576
0,0.26000000000000006,0.9000651999999718,3.634978899999851
0,0.26000000000000006,0.8723101000000497,2.420317000000068
0,0.26000000000000006,1.0770758999999543,2.4226350999999795
0,0.26000000000000006,0.8696639999998297,2.299077100000204
0,0.26000000000000006,1.0956074000000626,3.367418300000054
0,0.26000000000000006,0.8993289000000004,3.1774798999999803
0,0.26000000000000006,0.6673905999998624,1.9692007999999532
0,0.26000000000000006,0.9434335999999348,3.6209484000000884
0,0.26000000000000006,0.8592893999998523,1.9751937000000908
0,0.26000000000000006,0.7113167999998495,2.427261900000076
0,0.26000000000000006,0.6559249000001728,2.314211500000056
0,0.26000000000000006,1.0268893000002208,3.336384599999974
0,0.26000000000000006,0.9816516999999294,2.9338237000001754
0,0.2700000000000001,1.5039515999999367,5.332516500000111
0,0.2700000000000001,1.0846171000000595,3.459191500000088
0,0.2700000000000001,0.9247196000001168,3.3983623999999963
0,0.2700000000000001,1.751836800000092,6.167798599999969
0,0.2700000000000001,0.7196288000000095,2.6822884999999133
0,0.2700000000000001,0.788406200000054,2.6533871999999974
0,0.2700000000000001,0.8134293000000525,2.4039263999998184
0,0.2700000000000001,1.2464228999999705,3.792199900000014
0,0.2700000000000001,1.2216603999997915,2.8333273000000645
0,0.2700000000000001,1.5018305000000964,3.805913500000088
0,0.2700000000000001,1.0901600000001963,2.6112854000000425
0,0.2700000000000001,1.5695797999999286,3.593674200000123
0,0.2700000000000001,1.2764051999999992,3.9336754000000838
0,0.2700000000000001,1.093919700000015,2.605141399999866
0,0.2700000000000001,0.9006506000000627,1.6428757999999561
0,0.2700000000000001,1.1582009000001108,3.93059049999988
0,0.2700000000000001,0.8002337000000352,2.034994999999981
0,0.2700000000000001,0.9905722999999398,3.2775309999999536
0,0.2700000000000001,1.0469373999999334,2.8565753000000313
0,0.2700000000000001,0.8048287999999957,2.2182758999999805
0,0.2700000000000001,0.8126234999999724,3.3271389999999883
0,0.2700000000000001,1.2207932000001165,5.546709100000044
0,0.2700000000000001,0.8157011000000693,2.7166687999999795
0,0.2700000000000001,0.8922614000000522,2.9143324000001485
0,0.2700000000000001,1.1402654999999413,3.4966680999998516
0,0.2700000000000001,0.9226075999999921,2.625721499999827
0,0.2700000000000001,0.9173864000001686,2.745515300000079
0,0.2700000000000001,0.9508398000000398,2.5819830999998885
0,0.2700000000000001,1.1014290000000528,2.529777899999999
0,0.2700000000000001,0.6754135000001042,1.910994300000084
0,0.2800000000000001,0.9078554000000167,2.269593400000076
0,0.2800000000000001,0.8236790999999357,2.835025400000177
0,0.2800000000000001,1.1248431999999866,3.719998999999916
0,0.2800000000000001,1.2149968000001081,3.5615907999999763
0,0.2800000000000001,0.7001935000000685,2.262791399999969
0,0.2800000000000001,1.0804768000000422,4.249247299999979
0,0.2800000000000001,0.9893883999998252,2.853082200000017
0,0.2800000000000001,0.9070236000000023,5.0944611999998415
0,0.2800000000000001,1.0243129999998928,2.7661355000000185
0,0.2800000000000001,1.0098677999999381,2.28559139999993
0,0.2800000000000001,1.052468699999963,3.128461199999947
0,0.2800000000000001,0.9503556000001936,3.217103400000042
0,0.2800000000000001,0.8622287000000597,2.1387122000001
0,0.2800000000000001,0.7920687000000726,2.2849063000001024
0,0.2800000000000001,0.7111425999999028,1.8929771000000528
0,0.2800000000000001,1.1756717999999182,3.454366899999968
0,0.2800000000000001,0.7087830000000395,2.121064900000192
0,0.2800000000000001,0.9009012999999868,2.785025399999995
0,0.2800000000000001,0.9064117000000351,2.9388323000000582
0,0.2800000000000001,1.2948091999999178,2.8957384000000275
0,0.2800000000000001,1.292177699999911,3.5118574999999055
0,0.2800000000000001,0.8033582999998998,2.1344100000001163
0,0.2800000000000001,0.993854299999839,2.842762799999946
0,0.2800000000000001,0.8029278000001341,2.9761762000000545
0,0.2800000000000001,0.8690321999999924,2.869379199999912
0,0.2800000000000001,0.9662107999999989,2.980087800000092
0,0.2800000000000001,1.5101574000000255,4.187385899999981
0,0.2800000000000001,0.829479400000082,2.5116543999999976
0,0.2800000000000001,0.7979199999999764,4.34484980000002
0,0.2800000000000001,0.9408571000001302,2.9493523000001005
0,0.2900000000000001,1.0376352999999199,2.861877800000002
0,0.2900000000000001,1.5866662000000815,4.9710039999999935
0,0.2900000000000001,0.730301000000054,2.3889176000000134
0,0.2900000000000001,1.0125944999999774,3.6606758000000355
0,0.2900000000000001,1.1230236000001241,3.5691498000001047
0,0.2900000000000001,1.2637683999998899,4.072104699999954
0,0.2900000000000001,1.006113599999935,2.7419512999999824
0,0.2900000000000001,1.305373599999939,3.9644144000001234
0,0.2900000000000001,0.9106090000000222,2.652327000000014
0,0.2900000000000001,1.1106007999999292,3.1343819000001076
0,0.2900000000000001,0.7644286000002012,2.414452800000163
0,0.2900000000000001,1.0286298000000897,2.901410199999873
0,0.2900000000000001,1.4252460999998675,4.787739799999827
0,0.2900000000000001,0.8942328000000543,2.416217799999913
0,0.2900000000000001,1.4156901999999718,3.84701670000004
0,0.2900000000000001,0.7479620000001432,2.3323503999999957
0,0.2900000000000001,1.019785800000136,2.981167899999946
0,0.2900000000000001,1.1187012000000323,3.538839199999984
0,0.2900000000000001,1.3384753000000273,4.12757879999981
0,0.2900000000000001,0.8842747999999574,2.858140800000001
0,0.2900000000000001,1.1277313000000504,3.4261028000000806
0,0.2900000000000001,1.2051662000001215,3.34178739999993
0,0.2900000000000001,1.1294012000000748,3.7314989999999852
0,0.2900000000000001,1.0087793000000147,3.2081343999998353
0,0.2900000000000001,0.823491200000035,2.186250599999994
0,0.2900000000000001,0.8893113999999969,2.1131962999997995
0,0.2900000000000001,1.2414642000001095,2.5345291000001
0,0.2900000000000001,1.2938650999999481,4.559834899999942
0,0.2900000000000001,0.814149499999985,2.5825999000001048
0,0.2900000000000001,1.4333520000000135,4.209289500000068
0,0.3000000000000001,1.1750990000000456,2.9167276000000584
0,0.3000000000000001,2.054508700000042,5.86622280000006
0,0.3000000000000001,0.9536109999999098,2.8823657000000367
0,0.3000000000000001,1.5328027999998994,4.946270299999924
0,0.3000000000000001,1.1545710000000327,3.5016791000000467
0,0.3000000000000001,0.923700399999916,2.6303685999998834
0,0.3000000000000001,1.3038765999999669,3.461483199999975
0,0.3000000000000001,1.0229341000001568,2.5063798999999563
0,0.3000000000000001,1.4004975999998805,4.321618899999976
0,0.3000000000000001,1.15103820000013,3.76036780000004
0,0.3000000000000001,1.0723310999999285,2.6752850000000308
0,0.3000000000000001,1.183843700000125,3.2915084999999635
0,0.3000000000000001,1.4381649000001744,4.276729299999943
0,0.3000000000000001,0.9601112999998804,2.8337106999999833
0,0.3000000000000001,0.9778134999999111,2.45697290000021
0,0.3000000000000001,1.1663237000000208,3.7853642000000036
0,0.3000000000000001,1.4923278999999638,4.356118199999855
0,0.3000000000000001,1.1619838000001437,2.9476812999998856
0,0.3000000000000001,1.2917176999999356,4.4269641000000775
0,0.3000000000000001,1.2258910999998989,4.146907800000008
0,0.3000000000000001,0.8711439999999584,2.73112540000011
0,0.3000000000000001,0.9932404999999562,3.125770599999896
0,0.3000000000000001,1.4723401999999624,4.545455700000048
0,0.3000000000000001,1.3644480999998905,3.530159899999944
0,0.3000000000000001,1.3241170000001148,2.944395199999917
0,0.3000000000000001,0.9965727999999672,3.4901376000000255
0,0.3000000000000001,1.0373752000000422,3.1339594999999463
0,0.3000000000000001,0.9086013000001003,2.8768422000000555
0,0.3000000000000001,1.3011145999998917,4.130753099999993
0,0.3000000000000001,1.7644035999999232,5.217240700000048
