,p,Smart_time,Normal_time,Smart_length,Normal_length
0,0,0.1487031,0.1467394,201,201
0,0,0.1752176,0.1484727,201,201
0,0,0.1673234,0.1488561,201,201
0,0,0.147886,0.1462686,201,201
0,0,0.1696164,0.1543214,201,201
0,0,0.1649323,0.1428587,201,201
0,0,0.1473176,0.148635,201,201
0,0,0.1462216,0.1501804,201,201
0,0,0.1598423,0.1506611,201,201
0,0,0.1461849,0.1679043,201,201
0,0,0.1447014,0.1607852,201,201
0,0,0.167356,0.1695772,201,201
0,0,0.1569245,0.1690482,201,201
0,0,0.1782625,0.1674165,201,201
0,0,0.1888227,0.164902,201,201
0,0,0.1865656,0.164242,201,201
0,0,0.1665335,0.1869826,201,201
0,0,0.1624948,0.1954499,201,201
0,0,0.1561256,0.1647876,201,201
0,0,0.1471719,0.1623323,201,201
0,0,0.1567451,0.1634037,201,201
0,0,0.147824,0.1631607,201,201
0,0,0.1430268,0.142516,201,201
0,0,0.1469129,0.1481182,201,201
0,0,0.1450838,0.1739286,201,201
0,0,0.1460755,0.1474437,201,201
0,0,0.1587573,0.1502245,201,201
0,0,0.150205,0.1562952,201,201
0,0,0.1495784,0.1488554,201,201
0,0,0.1472047,0.1438211,201,201
0,0,0.15588,0.146593,201,201
0,0,0.1544898,0.1490555,201,201
0,0,0.1672642,0.1429163,201,201
0,0,0.1510968,0.1474886,201,201
0,0,0.1474905,0.1448807,201,201
0,0,0.1470366,0.1617336,201,201
0,0,0.1476,0.1475029,201,201
0,0,0.1470155,0.1491247,201,201
0,0,0.1560714,0.1572761,201,201
0,0,0.1470795,0.1458216,201,201
0,0,0.1457262,0.1482994,201,201
0,0,0.146952,0.1479358,201,201
0,0,0.1476717,0.1489613,201,201
0,0,0.1675681,0.1462016,201,201
0,0,0.1469757,0.1452202,201,201
0,0,0.1455641,0.1470729,201,201
0,0,0.1468599,0.1459576,201,201
0,0,0.1558975,0.1483902,201,201
0,0,0.1462225,0.1542647,201,201
0,0,0.1455006,0.1481492,201,201
0,0,0.1600605,0.1645323,201,201
0,0,0.16043,0.1452836,201,201
0,0,0.1465735,0.1466699,201,201
0,0,0.1568534,0.1475624,201,201
0,0,0.1496593,0.1444751,201,201
0,0,0.1457781,0.1474066,201,201
0,0,0.1661414,0.1479104,201,201
0,0,0.1486586,0.1484669,201,201
0,0,0.1490634,0.1606527,201,201
0,0,0.1706339,0.1471676,201,201
0,0,0.1480236,0.1482401,201,201
0,0,0.1631448,0.1493039,201,201
0,0,0.1478832,0.1570216,201,201
0,0,0.1528672,0.1480802,201,201
0,0,0.1459754,0.1475033,201,201
0,0,0.1484664,0.1491877,201,201
0,0,0.1485332,0.1587439,201,201
0,0,0.1489749,0.1476403,201,201
0,0,0.1491563,0.1493679,201,201
0,0,0.1517643,0.1474996,201,201
0,0,0.1519019,0.1811411,201,201
0,0,0.146612,0.1414188,201,201
0,0,0.1515227,0.153868,201,201
0,0,0.1504985,0.1468826,201,201
0,0,0.1491915,0.1617908,201,201
0,0,0.1445393,0.1482887,201,201
0,0,0.1506082,0.1497474,201,201
0,0,0.144916,0.1476397,201,201
0,0,0.1443498,0.1461124,201,201
0,0,0.1534519,0.1470938,201,201
0,0,0.1511234,0.174559,201,201
0,0,0.1477382,0.1451253,201,201
0,0,0.1473003,0.1455357,201,201
0,0,0.1482718,0.1474978,201,201
0,0,0.1466475,0.1558647,201,201
0,0,0.1476637,0.1467927,201,201
0,0,0.1461964,0.1587759,201,201
0,0,0.1472662,0.1571599,201,201
0,0,0.1466822,0.1468125,201,201
0,0,0.15268,0.1477531,201,201
0,0,0.1481629,0.1573406,201,201
0,0,0.1561007,0.1462741,201,201
0,0,0.1478835,0.149676,201,201
0,0,0.1488397,0.1467933,201,201
0,0,0.1476582,0.1656487,201,201
0,0,0.145584,0.1483156,201,201
0,0,0.1462921,0.1454934,201,201
0,0,0.146192,0.1688443,201,201
0,0,0.1483228,0.1544069,201,201
0,0,0.1450363,0.1554768,201,201
0,0.01,0.1546564,0.1706289,203,203
0,0.01,0.1462182,0.145905,201,201
0,0.01,0.1759548,0.1726906,203,203
0,0.01,0.3168866,0.3152103,209,209
0,0.01,0.1800224,0.1817057,211,211
0,0.01,0.1635622,0.1562134,203,203
0,0.01,0.1759331,0.1716355,205,205
0,0.01,0.1561311,0.1515064,203,203
0,0.01,0.1623149,0.1639086,201,201
0,0.01,0.2295183,0.2193307,203,203
0,0.01,0.2107328,0.210927,207,207
0,0.01,0.2228808,0.2232234,203,203
0,0.01,0.1825204,0.1800792,203,203
0,0.01,0.1465655,0.1630748,201,201
0,0.01,0.1758,0.1768977,207,207
0,0.01,0.2910642,0.2650503,209,209
0,0.01,0.1897544,0.1612099,201,201
0,0.01,0.2787287,0.2606697,205,205
0,0.01,0.2237845,0.260381,203,203
0,0.01,0.3347898,0.326902,201,201
0,0.01,0.30362,0.3380123,201,201
0,0.01,0.1814168,0.188405,207,207
0,0.01,0.163614,0.1620279,201,201
0,0.01,0.1598435,0.1732563,205,205
0,0.01,0.2429565,0.2388278,201,201
0,0.01,0.156151,0.1598533,201,201
0,0.01,0.1453836,0.1538161,201,201
0,0.01,0.174911,0.1750454,201,201
0,0.01,0.1683729,0.1682434,209,209
0,0.01,0.2821751,0.2794676,205,205
0,0.01,0.2068801,0.1924441,201,201
0,0.01,0.2667767,0.2622329,201,201
0,0.01,0.1546286,0.1555149,203,203
0,0.01,0.1666998,0.1642322,207,207
0,0.01,0.283486,0.2806184,201,201
0,0.01,0.1773724,0.1795843,207,207
0,0.01,0.1616258,0.1456569,201,201
0,0.01,0.3930762,0.3920648,207,207
0,0.01,0.3055139,0.2709526,201,201
0,0.01,0.3907074,0.3998696,203,203
0,0.01,0.3197833,0.3019736,209,209
0,0.01,0.1573644,0.1721141,205,205
0,0.01,0.1723672,0.1770279,205,205
0,0.01,0.1977666,0.1972228,203,203
0,0.01,0.2998394,0.3885289,203,203
0,0.01,0.2659496,0.2474758,205,205
0,0.01,0.1529889,0.1514812,201,201
0,0.01,0.4249531,0.3706127,201,201
0,0.01,0.1673934,0.1626883,203,203
0,0.01,0.1791798,0.1745268,205,205
0,0.01,0.1859502,0.1687523,203,203
0,0.01,0.1671633,0.1515707,201,201
0,0.01,0.1477821,0.1728006,201,201
0,0.01,0.2438552,0.1971587,205,205
0,0.01,0.1643163,0.1528676,203,203
0,0.01,0.1821141,0.1892668,205,205
0,0.01,0.363247,0.3345775,203,203
0,0.01,0.2239761,0.2249174,201,201
0,0.01,0.2679029,0.2757386,201,201
0,0.01,0.2790931,0.2992868,207,207
0,0.01,0.1641682,0.1681574,203,203
0,0.01,0.1571182,0.1642977,203,203
0,0.01,0.2853529,0.2778855,203,203
0,0.01,0.1670132,0.1670147,207,207
0,0.01,0.1758211,0.1848962,201,201
0,0.01,0.5838413,0.5846873,201,201
0,0.01,0.2428797,0.244882,203,203
0,0.01,0.4235376,0.4206012,201,201
0,0.01,0.3250346,0.2894751,201,201
0,0.01,0.1794555,0.1691831,207,207
0,0.01,0.1731451,0.1712125,201,201
0,0.01,0.1737116,0.1754957,203,203
0,0.01,0.3044787,0.2730747,201,201
0,0.01,0.1586684,0.1477512,201,201
0,0.01,0.1703889,0.1663493,203,203
0,0.01,0.1992133,0.1745304,203,203
0,0.01,0.1842448,0.1844756,201,201
0,0.01,0.2463905,0.2441375,201,201
0,0.01,0.1541612,0.1525588,203,203
0,0.01,0.2793303,0.2793604,201,201
0,0.01,0.1557288,0.1865715,205,205
0,0.01,0.1766914,0.1583408,205,205
0,0.01,0.154972,0.1564709,203,203
0,0.01,0.2917011,0.2707147,205,205
0,0.01,0.1526118,0.1498597,203,203
0,0.01,0.1473516,0.1531897,201,201
0,0.01,0.1733043,0.1586497,201,201
0,0.01,0.1990945,0.1881563,203,203
0,0.01,0.1741549,0.1456344,201,201
0,0.01,0.326293,0.3110675,205,205
0,0.01,0.1530667,0.150067,203,203
0,0.01,0.2857312,0.2840969,201,201
0,0.01,0.1473025,0.1469436,201,201
0,0.01,0.2023333,0.2117751,203,203
0,0.01,0.3200213,0.3250067,203,203
0,0.01,0.4900962,0.4943331,203,203
0,0.01,0.1561849,0.1678137,205,205
0,0.01,0.3082155,0.3112369,203,203
0,0.01,0.2472422,0.2651949,213,213
0,0.01,0.2197132,0.2060309,203,203
0,0.02,0.2740736,0.2746808,205,205
0,0.02,0.3543661,0.3580251,203,203
0,0.02,0.2590723,0.2648185,207,207
0,0.02,0.3430897,0.3333032,211,211
0,0.02,0.1953357,0.1840185,201,201
0,0.02,0.3398935,0.3392931,203,203
0,0.02,0.1637063,0.1660498,207,207
0,0.02,0.3539868,0.3561986,207,207
0,0.02,0.314701,0.3185574,201,201
0,0.02,0.4382259,0.4062765,209,209
0,0.02,0.3453632,0.3528323,207,207
0,0.02,0.2738639,0.2671628,213,213
0,0.02,0.4324202,0.4528356,201,201
0,0.02,0.2906881,0.2971047,205,205
0,0.02,0.2763947,0.2735296,203,203
0,0.02,0.1820858,0.2302509,201,201
0,0.02,0.2787188,0.2677927,205,205
0,0.02,0.2958721,0.2880299,205,205
0,0.02,0.4796652,0.4739415,205,205
0,0.02,0.4061928,0.4083028,209,209
0,0.02,0.1814873,0.1603317,203,203
0,0.02,0.4348019,0.4358412,205,205
0,0.02,0.1651609,0.1592879,203,203
0,0.02,0.2238916,0.2156712,207,207
0,0.02,0.2904472,0.3100995,201,201
0,0.02,0.3345939,0.3312889,205,205
0,0.02,0.224924,0.1997162,207,207
0,0.02,0.3724356,0.388743,205,205
0,0.02,0.4430363,0.5300739,203,203
0,0.02,0.188436,0.1659875,207,207
0,0.02,0.1764159,0.1773684,201,201
0,0.02,0.5716062,0.5951406,205,205
0,0.02,0.3762516,0.4131728,203,203
0,0.02,0.2694702,0.2709969,205,205
0,0.02,0.415169,0.4398858,209,209
0,0.02,0.2586438,0.2629885,205,205
0,0.02,0.1709176,0.1724672,209,209
0,0.02,0.4741629,0.4852037,203,203
0,0.02,0.2948853,0.279002,203,203
0,0.02,0.1718252,0.1733579,209,209
0,0.02,0.1937607,0.193739,205,205
0,0.02,0.2391414,0.2515793,209,209
0,0.02,0.3837595,0.3897829,201,201
0,0.02,0.4636785,0.4265382,205,205
0,0.02,0.2929061,0.3304293,205,205
0,0.02,0.4729494,0.4835754,205,205
0,0.02,0.2781829,0.261571,205,205
0,0.02,0.2947118,0.2992082,205,205
0,0.02,0.1664896,0.1625208,207,207
0,0.02,0.4260629,0.4189849,201,201
0,0.02,0.1550669,0.1662301,201,201
0,0.02,0.4108081,0.4604619,205,205
0,0.02,0.3751576,0.3551731,205,205
0,0.02,0.2352456,0.2315086,201,201
0,0.02,0.3735905,0.3696384,205,205
0,0.02,0.6112598,0.5791406,201,201
0,0.02,0.1688969,0.191848,201,201
0,0.02,0.1974644,0.1940423,209,209
0,0.02,0.1824903,0.1858299,205,205
0,0.02,0.3196294,0.3236943,203,203
0,0.02,0.325614,0.3133599,205,205
0,0.02,0.2960374,0.323488,205,205
0,0.02,0.7087069,0.7280353,211,211
0,0.02,0.2723256,0.3228975,209,209
0,0.02,0.334607,0.3740913,205,205
0,0.02,0.4383446,0.4370431,201,201
0,0.02,0.2257813,0.2367197,205,205
0,0.02,0.3388468,0.3642942,207,207
0,0.02,0.1532069,0.1502744,203,203
0,0.02,0.3121567,0.3073892,203,203
0,0.02,0.1572248,0.1572456,205,205
0,0.02,0.2610184,0.2686456,203,203
0,0.02,0.1744994,0.2121229,205,205
0,0.02,0.1602555,0.1734775,207,207
0,0.02,0.1456293,0.1577412,201,201
0,0.02,0.1684738,0.1931514,201,201
0,0.02,0.1976876,0.191475,207,207
0,0.02,0.262851,0.2714358,207,207
0,0.02,0.2053527,0.2256155,201,201
0,0.02,0.4436899,0.4421524,205,205
0,0.02,0.2396584,0.2391102,209,209
0,0.02,0.266252,0.2595235,205,205
0,0.02,0.3176938,0.3196429,207,207
0,0.02,0.2066534,0.2047945,207,207
0,0.02,0.373982,0.3859857,205,205
0,0.02,0.4930864,0.5082078,203,203
0,0.02,0.4915261,0.4588982,203,203
0,0.02,0.2995984,0.3189294,203,203
0,0.02,0.2083305,0.230487,209,209
0,0.02,0.4617507,0.4355488,207,207
0,0.02,0.3410178,0.393719,207,207
0,0.02,0.1835777,0.1774209,203,203
0,0.02,0.3120599,0.2429413,205,205
0,0.02,0.157716,0.1907148,203,203
0,0.02,0.490335,0.4305657,203,203
0,0.02,0.364743,0.3352473,209,209
0,0.02,0.4899486,0.4727472,203,203
0,0.02,0.2723611,0.2715653,205,205
0,0.02,0.3091993,0.2920982,207,207
0,0.02,0.2026721,0.2132119,201,201
0,0.03,0.1860224,0.1920092,205,205
0,0.03,0.5318801,0.55287,209,209
0,0.03,0.536636,0.544972,207,207
0,0.03,0.3833835,0.3859075,213,213
0,0.03,0.8012445,0.789942,207,207
0,0.03,0.7845537,0.8014893,211,211
0,0.03,0.2462362,0.2470758,209,209
0,0.03,0.2903605,0.2859706,209,209
0,0.03,0.3515135,0.3730917,211,211
0,0.03,0.5428473,0.5760484,209,209
0,0.03,0.486891,0.4818436,209,209
0,0.03,0.4502464,0.5005244,211,211
0,0.03,0.4750903,0.4647131,213,213
0,0.03,0.4572167,0.4609615,207,207
0,0.03,0.42035,0.437753,205,205
0,0.03,0.2283526,0.2309054,209,209
0,0.03,0.6345365,0.6173993,209,209
0,0.03,0.4518359,0.45909,213,213
0,0.03,0.2676229,0.2637362,211,211
0,0.03,0.2592618,0.2675886,217,217
0,0.03,0.5700727,0.5812792,225,225
0,0.03,0.1675577,0.1687017,205,205
0,0.03,0.2384723,0.248967,203,203
0,0.03,0.522073,0.5042977,207,207
0,0.03,0.5104771,0.5695868,207,207
0,0.03,0.4363406,0.427303,207,207
0,0.03,0.5311569,0.540802,215,215
0,0.03,0.4663433,0.441966,211,211
0,0.03,0.3802433,0.4386933,207,207
0,0.03,0.2667522,0.258417,207,207
0,0.03,0.3501779,0.3506918,201,201
0,0.03,0.373049,0.3800406,211,211
0,0.03,0.2850941,0.2845663,203,203
0,0.03,0.1788237,0.1809566,203,203
0,0.03,0.224045,0.2256581,213,213
0,0.03,0.5670718,0.55314,217,217
0,0.03,0.4823499,0.4926968,211,211
0,0.03,0.2471389,0.2437742,205,205
0,0.03,0.4187351,0.3872704,211,211
0,0.03,0.3295649,0.3534185,211,211
0,0.03,0.1584608,0.1836045,201,201
0,0.03,0.1754111,0.1821473,207,207
0,0.03,0.805564,0.768869,211,211
0,0.03,0.2535583,0.2501441,213,213
0,0.03,0.2821868,0.2845858,201,201
0,0.03,0.3472123,0.3483384,201,201
0,0.03,0.6519367,0.6362692,207,207
0,0.03,0.5048142,0.4863238,207,207
0,0.03,0.6067849,0.5995766,209,209
0,0.03,0.228583,0.2339923,207,207
0,0.03,0.2916035,0.326132,205,205
0,0.03,0.4379989,0.4127313,205,205
0,0.03,0.3047074,0.3297729,203,203
0,0.03,0.5372715,0.5648759,205,205
0,0.03,0.5361823,0.5674908,207,207
0,0.03,0.731091,0.6906793,201,201
0,0.03,0.7438088,0.7286517,211,211
0,0.03,0.2971948,0.3048395,207,207
0,0.03,0.4084936,0.3990964,211,211
0,0.03,0.4314355,0.4285923,207,207
0,0.03,0.5767228,0.5736415,205,205
0,0.03,0.1787149,0.1778315,211,211
0,0.03,0.2558229,0.2589638,205,205
0,0.03,0.3178265,0.3319351,211,211
0,0.03,0.3391759,0.3184845,203,203
0,0.03,0.2220074,0.200484,207,207
0,0.03,0.4123646,0.4078922,203,203
0,0.03,0.3046811,0.2931357,201,201
0,0.03,0.3146089,0.3343777,211,211
0,0.03,0.3982635,0.4355133,207,207
0,0.03,0.2398973,0.2408251,205,205
0,0.03,0.5547328,0.5875826,207,207
0,0.03,0.183086,0.18606,209,209
0,0.03,0.5873541,0.5579258,205,205
0,0.03,0.3685651,0.3755528,209,209
0,0.03,0.2510909,0.2351755,211,211
0,0.03,0.427902,0.446327,205,205
0,0.03,0.4544419,0.4590315,205,205
0,0.03,0.3047368,0.3243192,213,213
0,0.03,0.2902204,0.273583,205,205
0,0.03,0.3766043,0.3745839,215,215
0,0.03,0.5121011,0.551607,207,207
0,0.03,0.2938427,0.303472,209,209
0,0.03,0.3900534,0.365037,205,205
0,0.03,0.2250321,0.2268477,205,205
0,0.03,0.2123824,0.2099754,215,215
0,0.03,0.2679604,0.2676052,205,205
0,0.03,0.2820833,0.289259,205,205
0,0.03,0.5555544,0.5493108,205,205
0,0.03,0.2825747,0.2787553,205,205
0,0.03,0.4869626,0.4702001,211,211
0,0.03,0.2450127,0.2459024,203,203
0,0.03,0.3600194,0.3551844,209,209
0,0.03,0.2734541,0.288509,201,201
0,0.03,0.6893907,0.6449327,207,207
0,0.03,0.436212,0.4404475,213,213
0,0.03,0.4536991,0.4580394,213,213
0,0.03,0.2121382,0.212837,213,213
0,0.03,0.1740872,0.1838117,203,203
0,0.03,0.1781953,0.1745076,209,209
0,0.04,0.4710722,0.4364533,217,217
0,0.04,0.477467,0.4679535,205,205
0,0.04,0.5139404,0.5038072,217,217
0,0.04,0.505374,0.5063105,215,215
0,0.04,0.1701382,0.1723157,209,209
0,0.04,0.506495,0.5333795,213,213
0,0.04,0.8959551,0.8751575,217,217
0,0.04,0.5600412,0.6083106,211,211
0,0.04,0.5979398,0.5965553,211,211
0,0.04,0.2092636,0.2879968,207,207
0,0.04,0.3231821,0.2695479,203,203
0,0.04,0.5365333,0.5649535,211,211
0,0.04,0.4602921,0.4647063,209,209
0,0.04,0.3460527,0.3377266,213,213
0,0.04,0.708655,0.736316,205,205
0,0.04,0.5943557,0.5941057,217,217
0,0.04,0.5580661,0.5748736,209,209
0,0.04,0.4852529,0.5044701,217,217
0,0.04,0.197249,0.1965123,221,221
0,0.04,0.3161475,0.3383941,217,217
0,0.04,0.6664447,0.6537997,219,219
0,0.04,0.5289894,0.5239262,211,211
0,0.04,0.9149422,0.9139182,225,225
0,0.04,0.718461,0.7809409,203,203
0,0.04,0.5969332,0.6143181,207,207
0,0.04,0.4647388,0.4757041,205,205
0,0.04,0.3276811,0.3583581,203,203
0,0.04,0.231518,0.2058899,211,211
0,0.04,0.1690255,0.1678159,207,207
0,0.04,0.5140356,0.501139,215,215
0,0.04,0.6378883,0.6395794,207,207
0,0.04,0.2105739,0.2108694,213,213
0,0.04,0.4727499,0.4708115,207,207
0,0.04,0.5299983,0.4646435,205,205
0,0.04,0.298466,0.2821491,209,209
0,0.04,0.6772272,0.6415579,207,207
0,0.04,0.4827873,0.5044399,207,207
0,0.04,0.4677088,0.4367768,211,211
0,0.04,0.7373761,0.7997224,215,215
0,0.04,0.2949433,0.245635,205,205
0,0.04,0.6717291,0.655152,213,213
0,0.04,0.403064,0.4095619,215,215
0,0.04,0.4024793,0.3653289,207,207
0,0.04,0.3847755,0.3600235,207,207
0,0.04,0.4354055,0.4557136,215,215
0,0.04,0.3346051,0.3458058,211,211
0,0.04,0.3581531,0.3291258,211,211
0,0.04,0.5755446,0.5862082,211,211
0,0.04,0.3952463,0.4109675,207,207
0,0.04,0.4943701,0.4980029,215,215
0,0.04,0.7760681,0.7717659,201,201
0,0.04,0.4784128,0.5072503,209,209
0,0.04,0.2219543,0.2348616,213,213
0,0.04,0.4092287,0.414137,205,205
0,0.04,0.5977082,0.5912188,207,207
0,0.04,0.2992291,0.2941389,207,207
0,0.04,0.423608,0.4251283,207,207
0,0.04,0.179906,0.1782585,207,207
0,0.04,0.7429627,0.7461058,205,205
0,0.04,0.4433289,0.433931,209,209
0,0.04,0.4537959,0.4300276,209,209
0,0.04,0.5344057,0.5084927,213,213
0,0.04,0.7446609,0.7367891,217,217
0,0.04,0.4696385,0.4679914,209,209
0,0.04,0.2559881,0.2558506,211,211
0,0.04,0.431614,0.3976261,211,211
0,0.04,0.631153,0.5929184,209,209
0,0.04,0.3746112,0.3710369,205,205
0,0.04,0.6526097,0.7030924,213,213
0,0.04,0.4226217,0.4213673,213,213
0,0.04,0.6192536,0.641915,207,207
0,0.04,0.6626064,0.6586165,213,213
0,0.04,0.3586868,0.3320908,207,207
0,0.04,0.3188749,0.2923542,205,205
0,0.04,0.5147171,0.5325837,207,207
0,0.04,0.4369243,0.4381856,213,213
0,0.04,0.3164567,0.3183789,207,207
0,0.04,0.5337694,0.5178889,209,209
0,0.04,0.4822158,0.4942202,213,213
0,0.04,0.5256679,0.5252175,209,209
0,0.04,0.2504349,0.2505479,207,207
0,0.04,0.478017,0.4732746,211,211
0,0.04,0.1642868,0.1736839,207,207
0,0.04,0.4144631,0.3999239,209,209
0,0.04,0.381088,0.3625533,213,213
0,0.04,0.5474084,0.5275265,211,211
0,0.04,0.5424797,0.5437988,209,209
0,0.04,0.4466188,0.4205505,207,207
0,0.04,0.5158898,0.5771052,211,211
0,0.04,0.4198062,0.3893365,209,209
0,0.04,0.6414518,0.6029536,203,203
0,0.04,0.530926,0.5592125,211,211
0,0.04,0.3654663,0.3683178,223,223
0,0.04,0.5625646,0.5948005,205,205
0,0.04,0.339763,0.3587345,201,201
0,0.04,0.3928734,0.3593619,217,217
0,0.04,0.1832662,0.183594,209,209
0,0.04,0.2327337,0.2615181,215,215
0,0.04,0.863788,0.7608122,213,213
0,0.04,0.2194475,0.2308452,209,209
0,0.05,0.4442548,0.4555,213,213
0,0.05,0.5728263,0.5929602,207,207
0,0.05,0.6368204,0.6320227,215,215
0,0.05,0.3287481,0.3130149,215,215
0,0.05,0.5376414,0.5353791,217,217
0,0.05,0.4443751,0.4171357,209,209
0,0.05,0.3850914,0.3714145,215,215
0,0.05,0.7049539,0.6691759,209,209
0,0.05,0.4883558,0.5253147,213,213
0,0.05,0.5585143,0.5507039,217,217
0,0.05,0.8486946,0.8305322,223,223
0,0.05,0.679821,0.7129392,213,213
0,0.05,0.8766255,0.8979233,213,213
0,0.05,0.4343018,0.444134,209,209
0,0.05,0.5413214,0.4694841,217,217
0,0.05,0.3396542,0.3456948,209,209
0,0.05,0.5049313,0.4917875,209,209
0,0.05,0.6392785,0.6309657,221,221
0,0.05,0.4876094,0.4847245,215,215
0,0.05,0.70945,0.6662111,213,213
0,0.05,0.7327034,0.7673434,219,219
0,0.05,0.3324133,0.3852116,205,205
0,0.05,0.776609,0.7616537,215,215
0,0.05,0.4353366,0.4288384,213,213
0,0.05,0.1996503,0.196603,211,211
0,0.05,0.2715721,0.267528,215,215
0,0.05,0.3406616,0.3668572,211,211
0,0.05,0.6284527,0.6338883,213,213
0,0.05,0.3122813,0.3063586,215,215
0,0.05,0.4404638,0.3866628,219,219
0,0.05,0.2509497,0.2729181,221,221
0,0.05,0.5528131,0.5305168,217,217
0,0.05,0.6095568,0.5938481,205,205
0,0.05,0.7424459,0.7458807,219,219
0,0.05,0.3261876,0.3200392,213,213
0,0.05,0.787297,0.8441936,205,205
0,0.05,0.5916905,0.5794451,217,217
0,0.05,0.6907451,0.7467272,211,211
0,0.05,0.7011813,0.7198875,209,209
0,0.05,0.7814885,0.7712636,207,207
0,0.05,0.5817752,0.5992909,215,215
0,0.05,0.3190093,0.2772461,211,211
0,0.05,0.5790473,0.6045101,205,205
0,0.05,0.4046069,0.4074258,219,219
0,0.05,0.7208609,0.7302859,211,211
0,0.05,0.7075401,0.7113316,213,213
0,0.05,0.3600856,0.3415864,205,205
0,0.05,0.3144427,0.3322389,213,213
0,0.05,0.34219,0.3628898,209,209
0,0.05,0.4817795,0.4669618,211,211
0,0.05,0.3199912,0.3075628,217,217
0,0.05,0.3067335,0.305329,217,217
0,0.05,0.6050879,0.6192091,203,203
0,0.05,0.3168331,0.3138913,225,225
0,0.05,0.4044657,0.4100299,213,213
0,0.05,0.3214272,0.3245575,219,219
0,0.05,0.4618103,0.4541127,211,211
0,0.05,0.5124643,0.5568315,205,205
0,0.05,0.4122165,0.4335872,209,209
0,0.05,1.0328384,1.0710548,211,211
0,0.05,0.790413,0.7843447,217,217
0,0.05,0.7833331,0.7844087,209,209
0,0.05,0.5138475,0.5094442,205,205
0,0.05,0.6784134,0.6780593,209,209
0,0.05,0.5494902,0.5764792,211,211
0,0.05,0.4363594,0.4453337,207,207
0,0.05,0.512054,0.5107038,219,219
0,0.05,0.5962801,0.6089295,225,225
0,0.05,0.3520111,0.3533713,219,219
0,0.05,0.4705,0.4240955,211,211
0,0.05,0.4390155,0.4640308,219,219
0,0.05,0.5026038,0.4942826,207,207
0,0.05,0.7117764,0.6730994,235,235
0,0.05,0.4654875,0.4683428,215,215
0,0.05,0.6737479,0.6844423,213,213
0,0.05,0.3888204,0.3857465,217,217
0,0.05,0.7125818,0.7171976,215,215
0,0.05,0.8973569,0.7791101,215,215
0,0.05,0.7427764,0.7653402,211,211
0,0.05,0.7915022,0.8250733,221,221
0,0.05,0.3272203,0.3418452,215,215
0,0.05,0.5887898,0.6029866,211,211
0,0.05,0.4424133,0.4467635,209,209
0,0.05,0.6082028,0.6240103,211,211
0,0.05,0.6919,0.6939625,217,217
0,0.05,0.6031758,0.5867478,225,225
0,0.05,0.4806215,0.4772607,225,225
0,0.05,0.6097018,0.6237904,213,213
0,0.05,0.6255074,0.6077233,213,213
0,0.05,0.4123267,0.4065921,213,213
0,0.05,0.5549966,0.546394,211,211
0,0.05,0.360283,0.3456398,209,209
0,0.05,0.6234762,0.6345775,215,215
0,0.05,0.4770202,0.4640422,213,213
0,0.05,0.6625277,0.6573576,215,215
0,0.05,0.5053243,0.4963202,225,225
0,0.05,0.7084645,0.7004049,209,209
0,0.05,0.799229,0.8814479,221,221
0,0.05,0.3017334,0.3086558,211,211
0,0.05,0.5397977,0.543342,215,215
0,0.06,0.4997909,0.4841579,211,211
0,0.06,0.5229355,0.4983125,211,211
0,0.06,0.4392329,0.4545808,213,213
0,0.06,0.5102725,0.5112169,209,209
0,0.06,0.9522466,0.9249978,217,217
0,0.06,0.796885,0.8109581,217,217
0,0.06,0.5668223,0.5347572,219,219
0,0.06,0.5611594,0.5706784,219,219
0,0.06,0.4419154,0.4449626,219,219
0,0.06,0.58252,0.5727595,211,211
0,0.06,0.4697501,0.4756357,225,225
0,0.06,0.8569824,0.8550031,217,217
0,0.06,0.6026065,0.6019993,213,213
0,0.06,0.7451621,0.6815651,221,221
0,0.06,0.5292094,0.5328337,219,219
0,0.06,0.2818611,0.2922098,221,221
0,0.06,1.1959255,1.2129913,221,221
0,0.06,0.6588241,0.6574147,209,209
0,0.06,0.578654,0.5659918,219,219
0,0.06,0.4890102,0.5114372,209,209
0,0.06,0.3340788,0.3532316,213,213
0,0.06,0.8950555,0.8579071,209,209
0,0.06,0.5081291,0.5089828,223,223
0,0.06,0.5139486,0.4908192,209,209
0,0.06,0.5836829,0.581921,223,223
0,0.06,0.7081594,0.7009083,223,223
0,0.06,0.5319385,0.5377785,215,215
0,0.06,0.7878184,0.7745126,211,211
0,0.06,0.6437502,0.6432977,213,213
0,0.06,0.4308555,0.4370883,223,223
0,0.06,0.847514,0.8071298,217,217
0,0.06,0.7100036,0.7434202,231,231
0,0.06,0.7738142,0.7819397,225,225
0,0.06,0.9752572,1.0108309,221,221
0,0.06,0.5579744,0.5610214,211,211
0,0.06,0.6068161,0.6125056,209,209
0,0.06,0.6704856,0.7004998,225,225
0,0.06,0.4898923,0.4398645,223,223
0,0.06,0.6817514,0.6493381,211,211
0,0.06,1.1415087,1.0955577,219,219
0,0.06,0.8726583,0.8757441,215,215
0,0.06,0.9283548,0.9565011,225,225
0,0.06,0.4711544,0.467876,209,209
0,0.06,0.5699634,0.5525831,209,209
0,0.06,0.5757181,0.5447682,207,207
0,0.06,0.543617,0.5406853,213,213
0,0.06,0.6233745,0.5785699,221,221
0,0.06,0.4910402,0.5288111,211,211
0,0.06,0.8191885,0.8706094,221,221
0,0.06,0.553225,0.5219998,213,213
0,0.06,0.8205909,0.8248161,219,219
0,0.06,0.7213211,0.6808902,221,221
0,0.06,0.4833728,0.4810688,215,215
0,0.06,0.2903624,0.2965448,209,209
0,0.06,0.3542023,0.3511064,217,217
0,0.06,1.1175706,1.7199047,209,209
0,0.06,0.8735124,0.6779278,219,219
0,0.06,0.5942449,0.7333887,223,223
0,0.06,0.8760416,0.8553103,241,241
0,0.06,0.9535833,0.8904579,225,225
0,0.06,0.9647898,0.9484565,215,215
0,0.06,1.2021531,0.8917312,217,217
0,0.06,0.7712397,0.7701954,215,215
0,0.06,0.4038906,0.4152071,217,217
0,0.06,0.8270665,0.8114648,203,203
0,0.06,0.382233,0.3290004,227,227
0,0.06,0.546081,0.5202288,229,229
0,0.06,0.7972171,0.8037466,217,217
0,0.06,0.7275283,0.7399168,213,213
0,0.06,1.1739066,1.1562414,227,227
0,0.06,0.6930089,0.6961199,209,209
0,0.06,0.6572735,0.6669404,227,227
0,0.06,0.3813632,0.3841378,205,205
0,0.06,0.494235,0.5077797,211,211
0,0.06,0.7462628,0.7616607,233,233
0,0.06,0.4591676,0.4657269,217,217
0,0.06,0.8521567,0.8296347,221,221
0,0.06,0.8060344,0.7774534,207,207
0,0.06,0.635988,0.6620947,219,219
0,0.06,0.4161998,0.3974196,221,221
0,0.06,0.7458269,0.7357344,209,209
0,0.06,0.5326279,0.4966331,219,219
0,0.06,0.4544955,0.4543988,219,219
0,0.06,0.5465944,0.5176194,221,221
0,0.06,0.6793508,0.6644611,213,213
0,0.06,0.4979967,0.5002645,219,219
0,0.06,0.3365522,0.3340594,215,215
0,0.06,0.3490631,0.3486009,223,223
0,0.06,0.283123,0.3300275,223,223
0,0.06,0.6181003,0.6132827,211,211
0,0.06,0.2900091,0.3010247,221,221
0,0.06,0.6821355,0.7064962,227,227
0,0.06,0.5695993,0.5655138,209,209
0,0.06,0.3162926,0.3161801,215,215
0,0.06,0.9343178,0.9360603,209,209
0,0.06,0.6306285,0.6327922,221,221
0,0.06,0.6487874,0.6349124,209,209
0,0.06,0.4626731,0.4358791,205,205
0,0.06,0.5277537,0.5478326,211,211
0,0.06,0.6911301,0.7195348,221,221
0,0.07,0.6901308,0.7063374,213,213
0,0.07,0.5176595,0.5630886,207,207
0,0.07,0.4337337,0.4336228,215,215
0,0.07,0.6445865,0.6419251,225,225
0,0.07,1.3889043,1.3985574,215,215
0,0.07,0.5464069,0.5033726,211,211
0,0.07,0.8578612,0.7932823,221,221
0,0.07,0.6083849,0.6139199,217,217
0,0.07,0.5308702,0.5226484,217,217
0,0.07,0.661466,0.6612716,217,217
0,0.07,0.7315241,0.7306056,229,229
0,0.07,0.6074167,0.6082025,221,221
0,0.07,0.7795988,0.8015393,213,213
0,0.07,0.7720298,0.7818203,209,209
0,0.07,0.8036372,0.8043156,213,213
0,0.07,0.5626931,0.5666727,227,227
0,0.07,0.4598461,0.4655958,209,209
0,0.07,0.6738289,0.6730704,225,225
0,0.07,0.6653637,0.65808,225,225
0,0.07,0.7829532,0.7818568,233,233
0,0.07,0.8888702,0.8689621,219,219
0,0.07,0.5688648,0.5660108,219,219
0,0.07,0.8469747,0.8494219,233,233
0,0.07,0.6708987,0.681627,229,229
0,0.07,0.6016895,0.6125679,229,229
0,0.07,0.8257436,0.8099019,221,221
0,0.07,0.4321887,0.4311064,215,215
0,0.07,0.5322667,0.549233,229,229
0,0.07,0.8658468,0.866076,219,219
0,0.07,0.8096209,0.8202817,219,219
0,0.07,0.7443034,0.7541004,233,233
0,0.07,0.877433,0.8877812,219,219
0,0.07,1.0457444,1.0111164,217,217
0,0.07,0.3384575,0.3476796,209,209
0,0.07,0.6488045,0.6461378,215,215
0,0.07,0.7242238,0.704702,217,217
0,0.07,0.460191,0.4573844,223,223
0,0.07,0.9741677,1.0818326,221,221
0,0.07,1.0154365,0.9991375,213,213
0,0.07,0.684162,0.7005395,215,215
0,0.07,0.3179163,0.314409,213,213
0,0.07,0.8577144,0.8357742,217,217
0,0.07,1.0547178,1.0377749,217,217
0,0.07,0.9505879,0.9552625,217,217
0,0.07,0.6335306,0.6031987,211,211
0,0.07,0.5138686,0.5257829,221,221
0,0.07,0.6615386,0.7765858,227,227
0,0.07,0.4472865,0.4632171,203,203
0,0.07,0.6275172,0.5993255,213,213
0,0.07,0.6606634,0.63822,219,219
0,0.07,0.5568985,0.5502033,227,227
0,0.07,0.7406732,0.7172942,209,209
0,0.07,0.5818727,0.6234867,215,215
0,0.07,0.4110257,0.401853,213,213
0,0.07,0.7607457,0.7607382,211,211
0,0.07,0.6100747,0.6302254,225,225
0,0.07,0.6263576,0.613068,219,219
0,0.07,0.8186201,0.8011116,219,219
0,0.07,0.5605468,0.4983995,207,207
0,0.07,0.7790493,0.7741643,217,217
0,0.07,0.4353788,0.4714055,209,209
0,0.07,0.42851,0.4192565,215,215
0,0.07,0.7290796,0.6710127,213,213
0,0.07,0.4240687,0.4297627,217,217
0,0.07,0.5816436,0.595714,219,219
0,0.07,0.9490198,0.9959465,233,233
0,0.07,0.6524038,0.6415063,209,209
0,0.07,0.6641279,0.6929664,215,215
0,0.07,0.7286986,0.7297557,233,233
0,0.07,0.8367167,0.8673701,209,209
0,0.07,0.4808275,0.4822635,219,219
0,0.07,0.8934513,0.8953052,229,229
0,0.07,0.3764953,0.3943801,211,211
0,0.07,0.7287263,0.6891917,209,209
0,0.07,0.7515513,0.7163918,225,225
0,0.07,0.4139409,0.3869565,209,209
0,0.07,0.4930004,0.4524039,223,223
0,0.07,0.5596256,0.5405383,219,219
0,0.07,0.7975852,0.7935197,211,211
0,0.07,0.6019084,0.6022222,211,211
0,0.07,0.601707,0.6207055,219,219
0,0.07,0.7450829,0.8100761,225,225
0,0.07,0.7593673,0.7258454,213,213
0,0.07,0.4456249,0.4423851,219,219
0,0.07,0.6039594,0.6061,209,209
0,0.07,0.610891,0.5846668,205,205
0,0.07,0.7450515,0.7329672,217,217
0,0.07,0.9107824,0.9111234,217,217
0,0.07,0.4976888,0.5030072,221,221
0,0.07,0.9935731,0.9343687,217,217
0,0.07,0.6037353,0.5657858,219,219
0,0.07,0.650467,0.6335641,217,217
0,0.07,0.7160984,0.7074468,217,217
0,0.07,0.536305,0.5679417,219,219
0,0.07,0.5876664,0.5852098,211,211
0,0.07,0.5725034,0.6046973,215,215
0,0.07,0.5411636,0.5239384,217,217
0,0.07,0.7381475,0.7296006,223,223
0,0.07,0.6859464,0.7001675,207,207
0,0.07,1.2403141,1.1935812,219,219
0,0.08,0.977968,0.9086718,221,221
0,0.08,1.1751997,1.2663201,219,219
0,0.08,0.724085,0.7231144,235,235
0,0.08,0.7892966,0.8223101,225,225
0,0.08,0.546026,0.5134724,227,227
0,0.08,0.5562716,0.5616136,223,223
0,0.08,0.717128,0.7225316,211,211
0,0.08,1.0033046,1.0440413,213,213
0,0.08,0.5018238,0.4884053,211,211
0,0.08,0.9182315,1.0021809,225,225
0,0.08,0.7219914,0.7716688,219,219
0,0.08,0.7424551,0.7638552,237,237
0,0.08,0.7779972,0.7657125,221,221
0,0.08,0.7626957,0.7933991,219,219
0,0.08,0.829644,0.8256741,217,217
0,0.08,0.7677754,0.745119,229,229
0,0.08,0.7019474,0.6945115,217,217
0,0.08,0.9315092,0.9306237,215,215
0,0.08,0.7762013,0.7507415,217,217
0,0.08,1.1271913,1.1651277,221,221
0,0.08,0.9271233,0.837146,221,221
0,0.08,0.8410714,0.840665,221,221
0,0.08,0.4424643,0.4513466,211,211
0,0.08,1.0741502,1.0024567,231,231
0,0.08,0.74283,0.7454698,227,227
0,0.08,1.1583246,1.1695982,231,231
0,0.08,0.8151102,0.7859702,215,215
0,0.08,1.0582207,1.059118,225,225
0,0.08,0.8352754,0.8089086,225,225
0,0.08,1.2441049,1.3049796,215,215
0,0.08,0.8619634,0.8405409,235,235
0,0.08,0.7399488,0.7334817,221,221
0,0.08,0.8534466,0.8876679,203,203
0,0.08,0.5797048,0.6194084,211,211
0,0.08,0.914635,0.8850929,219,219
0,0.08,0.8384144,0.8121233,215,215
0,0.08,0.8421986,0.8159691,225,225
0,0.08,0.4949804,0.5357277,215,215
0,0.08,0.6673186,0.6818673,209,209
0,0.08,0.7604941,0.7484707,227,227
0,0.08,0.7466435,0.8418262,231,231
0,0.08,1.0673607,0.9920832,217,217
0,0.08,0.7445568,0.7380471,209,209
0,0.08,0.5960159,0.5819208,231,231
0,0.08,0.6942692,0.6809154,215,215
0,0.08,0.7227501,0.7023205,227,227
0,0.08,0.9488519,0.9535035,225,225
0,0.08,0.8337854,0.8554634,217,217
0,0.08,0.965029,0.9675062,243,243
0,0.08,0.7100587,0.7182309,221,221
0,0.08,0.8891408,0.8804937,235,235
0,0.08,0.5469067,0.4974755,211,211
0,0.08,0.7966076,0.8324507,215,215
0,0.08,0.8992693,0.9233998,229,229
0,0.08,0.8880743,0.8635986,213,213
0,0.08,0.4046842,0.4026984,211,211
0,0.08,0.4972519,0.5014388,221,221
0,0.08,0.795185,0.8088958,225,225
0,0.08,0.6824433,0.6692797,241,241
0,0.08,0.5821716,0.5597045,217,217
0,0.08,0.6408905,0.6767733,227,227
0,0.08,0.9426368,0.9197321,233,233
0,0.08,0.5807791,0.5767824,227,227
0,0.08,1.0880873,1.0836284,217,217
0,0.08,0.7852947,0.7655545,221,221
0,0.08,0.8115983,0.7784604,215,215
0,0.08,0.7521978,0.7475529,227,227
0,0.08,1.1004832,1.0608751,215,215
0,0.08,0.9200434,0.934948,217,217
0,0.08,1.1729297,1.1688831,225,225
0,0.08,0.7336058,0.7137058,211,211
0,0.08,0.6501265,0.6263222,217,217
0,0.08,0.5056481,0.4784724,217,217
0,0.08,0.7244526,0.7119397,235,235
0,0.08,0.6972054,0.6402911,219,219
0,0.08,0.7362945,0.6977002,227,227
0,0.08,0.8746287,0.9697794,217,217
0,0.08,0.8512466,0.8514278,209,209
0,0.08,0.7735074,0.7581288,213,213
0,0.08,0.624565,0.6144692,215,215
0,0.08,0.8630416,0.8731548,225,225
0,0.08,0.7505153,0.7451429,223,223
0,0.08,0.7687063,0.7842245,225,225
0,0.08,0.5006644,0.4825234,227,227
0,0.08,0.7856998,0.7457081,237,237
0,0.08,0.8499772,0.8122565,213,213
0,0.08,0.8281751,0.8612172,223,223
0,0.08,1.419211,1.4078472,221,221
0,0.08,0.5058245,0.5493577,221,221
0,0.08,0.8877686,0.8774073,227,227
0,0.08,0.578646,0.6060113,215,215
0,0.08,0.5765926,0.5807793,215,215
0,0.08,0.8693887,0.8907542,223,223
0,0.08,0.6106418,0.6012139,219,219
0,0.08,0.761197,0.7710138,223,223
0,0.08,0.8079231,0.7884342,223,223
0,0.08,0.9922351,1.0515271,221,221
0,0.08,0.8290825,0.8373857,219,219
0,0.08,0.8140657,0.7926004,229,229
0,0.08,0.8064659,0.8060635,213,213
0,0.09,0.888978,0.8684355,213,213
0,0.09,1.1693829,1.1385536,237,237
0,0.09,0.9597562,0.907756,241,241
0,0.09,0.6557634,0.6854365,217,217
0,0.09,0.7140063,0.7081064,217,217
0,0.09,0.8830843,0.8658336,219,219
0,0.09,0.85742,0.8401376,219,219
0,0.09,0.8184641,0.8239203,229,229
0,0.09,1.2417816,1.2465299,217,217
0,0.09,0.7910621,0.7850526,217,217
0,0.09,0.8592154,0.8793847,227,227
0,0.09,0.6444811,0.7026827,237,237
0,0.09,0.6079314,0.5781734,225,225
0,0.09,1.1327029,1.1346259,221,221
0,0.09,0.9801982,0.9926639,233,233
0,0.09,0.5570315,0.5573226,217,217
0,0.09,0.5696839,0.5536155,219,219
0,0.09,0.4618382,0.4641791,219,219
0,0.09,0.9564324,0.912949,229,229
0,0.09,0.7124907,0.6894967,217,217
0,0.09,0.6926638,0.6781643,215,215
0,0.09,0.7176067,0.7629478,209,209
0,0.09,0.818166,0.8173261,227,227
0,0.09,0.3619372,0.3798017,219,219
0,0.09,1.1021299,1.1087139,225,225
0,0.09,0.6846319,0.7109725,231,231
0,0.09,0.7934892,0.8150813,221,221
0,0.09,0.8822262,0.8914477,241,241
0,0.09,0.8101349,0.7835083,217,217
0,0.09,1.1484753,1.1556381,235,235
0,0.09,0.7703533,0.7463488,235,235
0,0.09,0.569137,0.5479177,219,219
0,0.09,0.6689211,0.6718711,215,215
0,0.09,0.8762194,0.893329,213,213
0,0.09,0.580732,0.6108553,223,223
0,0.09,0.6938893,0.6992799,223,223
0,0.09,0.7997419,0.7728437,233,233
0,0.09,0.691854,0.6812026,217,217
0,0.09,0.8410632,0.8291147,227,227
0,0.09,0.8013326,0.7479872,221,221
0,0.09,1.0396874,1.0489666,219,219
0,0.09,0.98168,0.9787746,239,239
0,0.09,0.9821659,0.9784842,225,225
0,0.09,0.9079136,0.8825005,231,231
0,0.09,0.8331475,0.8359345,221,221
0,0.09,0.5548719,0.5089147,217,217
0,0.09,1.0237491,1.0364784,219,219
0,0.09,0.6828946,0.7147641,217,217
0,0.09,0.6756722,0.6671635,217,217
0,0.09,0.8655872,0.8548047,217,217
0,0.09,0.5109632,0.5323482,243,243
0,0.09,1.3153798,1.3082226,215,215
0,0.09,1.2772575,1.3334485,227,227
0,0.09,0.9011844,0.9152927,237,237
0,0.09,1.0688495,1.0743494,243,243
0,0.09,0.5664774,0.5828193,239,239
0,0.09,0.9686869,0.9499936,235,235
0,0.09,0.936189,0.9171607,215,215
0,0.09,1.1366583,1.1225901,211,211
0,0.09,0.9782328,0.9462412,217,217
0,0.09,0.5463329,0.5289807,213,213
0,0.09,0.651519,0.6575486,223,223
0,0.09,1.1138244,1.1183997,221,221
0,0.09,0.9628273,1.0083424,223,223
0,0.09,0.9106456,0.9897331,223,223
0,0.09,0.8199169,0.7846157,231,231
0,0.09,0.6382202,0.5899275,217,217
0,0.09,0.6765802,0.6770808,207,207
0,0.09,0.9971493,1.030741,225,225
0,0.09,0.5060866,0.5588532,225,225
0,0.09,0.8728546,0.9018071,219,219
0,0.09,0.7331142,0.7568156,219,219
0,0.09,0.7732989,0.7921901,217,217
0,0.09,0.7100158,0.7316098,219,219
0,0.09,0.9217658,0.9727888,233,233
0,0.09,0.7218234,0.690929,221,221
0,0.09,1.0283465,1.0307669,223,223
0,0.09,0.7180206,0.7371576,225,225
0,0.09,0.9192845,0.9247289,219,219
0,0.09,1.0771903,1.0743977,225,225
0,0.09,1.5306286,1.4911241,219,219
0,0.09,1.2051185,1.194369,231,231
0,0.09,0.7602913,0.7624187,215,215
0,0.09,0.755135,0.7782378,225,225
0,0.09,0.820757,0.8511655,231,231
0,0.09,0.8823767,0.8952016,227,227
0,0.09,0.8461058,0.7619653,225,225
0,0.09,1.1351072,1.0780119,225,225
0,0.09,0.5717126,0.4977102,225,225
0,0.09,0.6828293,0.6485875,241,241
0,0.09,0.7717239,0.7858725,211,211
0,0.09,0.8803192,0.8342505,217,217
0,0.09,0.9538405,0.9705192,229,229
0,0.09,0.74944,0.7237276,223,223
0,0.09,0.9140542,0.8950115,237,237
0,0.09,0.7620703,0.7710601,215,215
0,0.09,0.669929,0.6484344,219,219
0,0.09,1.2683591,1.2623536,225,225
0,0.09,1.0565613,1.1136482,235,235
0,0.09,0.8949104,0.9128623,245,245
0,0.1,0.9326206,0.9901173,233,233
0,0.1,0.7751087,0.7570089,217,217
0,0.1,1.2182229,1.1738522,221,221
0,0.1,0.5535672,0.5733029,227,227
0,0.1,0.9875884,0.9887295,219,219
0,0.1,0.9479078,0.9449199,211,211
0,0.1,0.897225,0.8801472,225,225
0,0.1,0.8424642,0.8255916,215,215
0,0.1,0.7673988,0.7441939,217,217
0,0.1,0.8451157,0.847649,223,223
0,0.1,1.0934833,1.1328864,215,215
0,0.1,0.8281473,0.7568504,237,237
0,0.1,1.0593986,1.007838,221,221
0,0.1,1.2600538,1.223326,227,227
0,0.1,0.5261984,0.5763405,235,235
0,0.1,1.2373828,1.2168478,227,227
0,0.1,0.7625089,0.7717745,251,251
0,0.1,0.9747508,0.9686422,225,225
0,0.1,1.2220007,1.1951874,225,225
0,0.1,0.8362183,0.8441635,237,237
0,0.1,0.7766409,0.7421856,251,251
0,0.1,0.6154992,0.6090344,229,229
0,0.1,0.5215236,0.5110442,245,245
0,0.1,0.9398681,0.9149219,227,227
0,0.1,1.3225217,1.3323245,237,237
0,0.1,1.0934558,1.1348899,237,237
0,0.1,0.9893668,1.0062121,233,233
0,0.1,1.064407,1.0735367,243,243
0,0.1,0.8030564,0.7825619,219,219
0,0.1,0.8254416,0.801263,241,241
0,0.1,0.7443497,0.7541527,219,219
0,0.1,1.2452874,1.247734,223,223
0,0.1,1.1837421,1.1585772,251,251
0,0.1,0.9403602,0.9929106,211,211
0,0.1,1.0182401,0.989215,219,219
0,0.1,0.6504647,0.6365604,219,219
0,0.1,0.8948128,0.9371796,231,231
0,0.1,0.7519021,0.7464958,215,215
0,0.1,0.5512308,0.6046336,225,225
0,0.1,0.5770041,0.5913328,225,225
0,0.1,1.1843909,1.1781245,219,219
0,0.1,1.3346312,1.3180329,243,243
0,0.1,1.1580393,1.1262193,231,231
0,0.1,0.9885758,0.9888011,211,211
0,0.1,0.5760882,0.5734494,217,217
0,0.1,1.0679138,1.0225669,237,237
0,0.1,1.354246,1.4033553,241,241
0,0.1,1.2886828,1.3087689,227,227
0,0.1,0.9128121,0.8886058,249,249
0,0.1,0.8659331,0.8248746,231,231
0,0.1,0.6363654,0.6408725,231,231
0,0.1,1.1125104,1.1158363,221,221
0,0.1,0.649136,0.6521155,225,225
0,0.1,1.085327,1.0678164,233,233
0,0.1,0.8058326,0.8334333,221,221
0,0.1,0.9266103,0.9450579,221,221
0,0.1,1.4354314,1.3341501,233,233
0,0.1,0.7658246,0.7917344,227,227
0,0.1,1.0344673,1.01504,225,225
0,0.1,1.2853922,1.3444131,243,243
0,0.1,1.2681476,1.2622414,229,229
0,0.1,0.979751,0.9474287,223,223
0,0.1,0.9878247,0.9857373,217,217
0,0.1,1.4955847,1.4434241,233,233
0,0.1,0.643702,0.6489917,255,255
0,0.1,0.5528031,0.5477577,241,241
0,0.1,0.757756,0.7265706,239,239
0,0.1,0.9565562,0.9388953,221,221
0,0.1,0.9617094,0.9337859,221,221
0,0.1,0.6804857,0.6984609,225,225
0,0.1,0.6459365,0.6858504,215,215
0,0.1,0.7773638,0.7486576,227,227
0,0.1,1.0795261,1.0678818,237,237
0,0.1,0.9641407,0.9998031,237,237
0,0.1,1.2944838,1.3407104,225,225
0,0.1,0.9155816,0.8920176,251,251
0,0.1,1.5059993,1.5600492,223,223
0,0.1,0.7443215,0.7282422,221,221
0,0.1,0.9167224,0.9221456,253,253
0,0.1,0.5377827,0.5410224,249,249
0,0.1,1.0546839,1.0782201,215,215
0,0.1,1.3316714,1.3132424,219,219
0,0.1,1.1375948,1.1016851,229,229
0,0.1,0.859266,0.8578229,241,241
0,0.1,0.4611123,0.4673714,229,229
0,0.1,0.6575362,0.644953,233,233
0,0.1,0.7599515,0.7387815,221,221
0,0.1,0.8183893,0.8181596,233,233
0,0.1,0.880398,0.8494996,219,219
0,0.1,0.6619912,0.6785617,221,221
0,0.1,0.994499,0.873325,221,221
0,0.1,1.0938936,1.3483794,215,215
0,0.1,0.8565757,0.8665255,257,257
0,0.1,0.8690475,0.9039944,215,215
0,0.1,0.7214121,0.6397432,259,259
0,0.1,0.9781103,1.048955,213,213
0,0.1,1.3847527,1.3114986,233,233
0,0.1,0.6786629,0.6847931,215,215
0,0.1,1.9599123,2.5531894,233,233
0,0.1,0.7744149,0.7726505,227,227
0,0.11,1.2691509,1.2443181,249,249
0,0.11,0.97369,0.9175624,229,229
0,0.11,1.2733697,1.2121419,239,239
0,0.11,0.8162423,0.8416537,245,245
0,0.11,1.2867729,1.2258696,231,231
0,0.11,1.5364355,1.5025448,245,245
0,0.11,0.4908269,0.4886916,221,221
0,0.11,1.226748,1.2462545,227,227
0,0.11,0.8252693,0.8344638,239,239
0,0.11,1.4831812,1.4819767,245,245
0,0.11,0.7488502,0.705514,221,221
0,0.11,1.3903623,1.4157373,247,247
0,0.11,0.6736626,0.6708393,237,237
0,0.11,0.9054421,0.9228513,229,229
0,0.11,1.7595083,1.136665,235,235
0,0.11,0.7742661,0.8220042,221,221
0,0.11,1.3605152,1.3419352,227,227
0,0.11,1.3385595,1.3454028,247,247
0,0.11,1.3446915,1.4016797,239,239
0,0.11,1.120171,1.4592221,221,221
0,0.11,0.8632512,0.9058296,233,233
0,0.11,1.1991889,1.1889406,231,231
0,0.11,0.8729175,0.9110207,243,243
0,0.11,1.289491,1.2946577,217,217
0,0.11,0.88965,0.8680537,221,221
0,0.11,1.0696967,1.0458505,227,227
0,0.11,1.5655608,1.5150055,251,251
0,0.11,0.7417612,0.7753997,225,225
0,0.11,1.6676225,1.9140424,241,241
0,0.11,0.8702615,0.823091,217,217
0,0.11,1.0393584,1.0397931,227,227
0,0.11,1.3632841,1.371565,223,223
0,0.11,0.9505307,0.9046455,231,231
0,0.11,0.6707216,0.7372136,217,217
0,0.11,0.8718729,0.8994661,223,223
0,0.11,1.5281547,1.4970288,237,237
0,0.11,1.2023904,1.18574,223,223
0,0.11,0.6720843,0.6674955,227,227
0,0.11,1.0230168,0.9194543,237,237
0,0.11,1.4448361,1.3079561,233,233
0,0.11,1.2691391,1.2762418,229,229
0,0.11,1.263505,1.1893082,217,217
0,0.11,0.7785704,0.7913718,235,235
0,0.11,1.3459386,1.3401029,237,237
0,0.11,0.8864045,0.9390919,223,223
0,0.11,0.9202371,0.9121899,239,239
0,0.11,0.9364754,0.9483867,217,217
0,0.11,1.1635995,1.1424127,235,235
0,0.11,0.750963,0.7345536,225,225
0,0.11,1.3289904,1.3352823,237,237
0,0.11,0.5883521,0.5976949,219,219
0,0.11,0.7707986,0.7379095,225,225
0,0.11,0.7273235,0.6978181,229,229
0,0.11,0.8844224,0.8917448,229,229
0,0.11,0.9427953,0.9256687,223,223
0,0.11,0.9805301,0.9482178,243,243
0,0.11,0.8383559,0.8162495,237,237
0,0.11,0.9591923,1.0514157,221,221
0,0.11,0.9752833,0.9599313,219,219
0,0.11,1.2349012,1.2092592,237,237
0,0.11,0.7116649,0.7190602,221,221
0,0.11,1.0163196,0.8979056,241,241
0,0.11,1.1342548,1.1674886,219,219
0,0.11,0.9624161,1.0187606,229,229
0,0.11,0.7752725,0.7705057,237,237
0,0.11,1.3306596,1.3742019,225,225
0,0.11,0.7096065,0.7267874,207,207
0,0.11,0.9391993,0.8945148,221,221
0,0.11,0.8088839,0.7828342,247,247
0,0.11,1.6602138,1.5983249,235,235
0,0.11,0.8636327,0.8567278,229,229
0,0.11,0.8053856,0.7788625,223,223
0,0.11,1.3403763,1.3343405,235,235
0,0.11,1.2489493,1.2124598,247,247
0,0.11,1.2840936,1.2878722,243,243
0,0.11,0.7599443,0.7876487,221,221
0,0.11,1.335237,1.3088916,247,247
0,0.11,0.7037768,0.7031628,211,211
0,0.11,1.4961526,1.4983707,217,217
0,0.11,1.509971,1.4556878,229,229
0,0.11,1.2418882,1.2525061,245,245
0,0.11,0.6972182,0.6822312,235,235
0,0.11,0.9120565,0.9288586,223,223
0,0.11,0.9838723,1.0002652,233,233
0,0.11,1.075155,1.0558475,221,221
0,0.11,0.8889487,0.8886323,231,231
0,0.11,1.0779476,1.0710506,221,221
0,0.11,1.205742,1.1783577,219,219
0,0.11,1.1242687,1.0990344,213,213
0,0.11,1.0764138,1.1310597,249,249
0,0.11,0.9365463,0.9306179,249,249
0,0.11,1.2281321,1.2831722,227,227
0,0.11,0.934146,0.9743626,243,243
0,0.11,0.7039115,0.6815352,223,223
0,0.11,1.1709914,1.244954,227,227
0,0.16,1.5420467,1.4145262,243,243
0,0.16,1.1525203,1.1623798,267,267
0,0.16,1.918834,1.9047503,257,257
0,0.16,2.0316824,2.0260133,249,249
0,0.16,1.1337485,1.1373991,269,269
0,0.16,1.7620165,1.7681283,249,249
0,0.16,1.4096378,1.3894578,281,281
0,0.16,1.4592019,1.4137125,217,217
0,0.16,1.4473935,1.4574694,297,297
0,0.16,1.0167007,1.0765083,243,243
0,0.16,2.0459313,2.0478252,237,237
0,0.16,1.1184068,1.1183172,245,245
0,0.16,1.512608,1.5296493,253,253
0,0.16,1.3348634,1.319121,289,289
0,0.16,1.4038433,1.2479786,251,251
0,0.16,1.6237923,1.6010699,261,261
0,0.16,1.7702804,1.8223939,289,289
0,0.16,1.4967572,1.4915322,257,257
0,0.16,1.148114,1.1545221,269,269
0,0.16,1.4327216,1.5161972,271,271
0,0.16,1.5929198,1.5762266,229,229
0,0.16,1.6214416,1.5302952,239,239
0,0.16,1.4376713,1.371377,273,273
0,0.16,1.3292626,1.3385617,235,235
0,0.16,1.6244422,1.6429093,261,261
0,0.16,2.3107706,2.2731976,267,267
0,0.16,1.2150046,1.1852379,305,305
0,0.16,1.6565674,1.5650345,253,253
0,0.16,2.0045597,1.9607676,269,269
0,0.16,1.9746128,1.8505476,259,259
0,0.16,1.8884816,1.845508,261,261
0,0.16,1.9321591,1.986864,263,263
0,0.16,1.7208331,1.7060272,251,251
0,0.16,1.3340702,1.3896883,277,277
0,0.16,1.1713318,1.1309381,255,255
0,0.16,0.735875,0.8019563,233,233
0,0.16,1.0776247,1.0553155,259,259
0,0.16,1.4731063,1.5258492,257,257
0,0.16,1.05587,1.0749375,239,239
0,0.16,1.3728632,1.3486983,245,245
0,0.16,1.1085884,1.0980023,261,261
0,0.16,1.4947265,1.5298114,235,235
0,0.16,1.8031305,1.7073892,283,283
0,0.16,1.4499972,1.4528947,251,251
0,0.16,1.3279195,1.2907541,247,247
0,0.16,1.8677269,1.8310627,241,241
0,0.16,1.9097026,1.9568182,277,277
0,0.16,1.4283977,1.4653635,241,241
0,0.16,2.0370005,1.9854679,281,281
0,0.16,0.9921898,1.0127952,235,235
0,0.16,1.6861521,1.600236,249,249
0,0.16,1.709009,1.6663443,277,277
0,0.16,2.0429748,2.0815055,267,267
0,0.16,1.0905555,1.157681,271,271
0,0.16,2.1816604,2.0771327,233,233
0,0.16,1.2986105,1.3453011,249,249
0,0.16,1.4208152,1.5194665,267,267
0,0.16,1.019308,1.1227282,243,243
0,0.16,1.1925345,1.2115317,261,261
0,0.16,2.2792922,1.8048932,267,267
0,0.16,1.1293521,1.0843821,273,273
0,0.16,1.6263343,1.5633668,251,251
0,0.16,1.6833115,1.6233876,243,243
0,0.16,0.9791152,1.0316372,249,249
0,0.16,0.8939883,0.898995,273,273
0,0.16,0.7456006,0.7049016,219,219
0,0.16,1.5717638,1.581593,267,267
0,0.16,1.4932283,1.4473746,259,259
0,0.16,1.2431474,1.2456042,275,275
0,0.16,1.2650992,1.2866143,239,239
0,0.16,2.1983494,2.1532609,241,241
0,0.16,1.6238071,1.6686804,277,277
0,0.16,1.3017803,1.3793484,255,255
0,0.16,2.5986201,2.5564957,279,279
0,0.16,1.456279,1.4710505,251,251
0,0.16,1.252091,1.2771882,233,233
0,0.16,1.3605771,1.3551452,259,259
0,0.16,1.0925288,1.0773487,265,265
0,0.16,1.422516,1.4271671,241,241
0,0.16,1.6477544,1.7097897,253,253
0,0.16,1.7631746,1.7566076,259,259
0,0.16,1.1888762,1.1762178,255,255
0,0.16,1.8044867,1.7463786,251,251
0,0.16,1.4557252,1.4673015,243,243
0,0.16,1.2999721,1.3967247,259,259
0,0.16,1.000973,1.0151901,235,235
0,0.16,1.0633335,1.0535992,283,283
0,0.16,2.1013398,2.0736613,275,275
0,0.16,1.4353783,1.4646075,245,245
0,0.16,0.8162499,0.8346135,263,263
0,0.16,1.5442151,1.5616436,239,239
0,0.21,2.0646631,2.0443747,315,315
0,0.21,2.0374451,1.9814727,317,317
0,0.21,1.7347501,1.6803716,265,265
0,0.21,1.4738889,1.4770034,291,291
0,0.21,2.2646829,2.3176459,311,311
0,0.21,1.8924261,1.8785364,295,295
0,0.21,1.9227426,1.8815914,273,273
0,0.21,2.2408577,2.2465331,263,263
0,0.21,1.3729538,1.3817508,289,289
0,0.21,1.6953808,1.6743296,287,287
0,0.21,2.1159827,2.1260098,289,289
0,0.21,1.787065,1.7978867,277,277
0,0.21,2.1591399,2.1785268,293,293
0,0.21,2.2058061,2.1750041,275,275
0,0.21,2.158488,2.1074793,287,287
0,0.21,1.7572147,1.8665814,265,265
0,0.21,2.2051825,2.282192,347,347
0,0.21,1.7063775,1.7072173,243,243
0,0.21,1.3487312,1.3161532,261,261
0,0.21,2.3901518,2.4243145,291,291
0,0.21,1.4422224,1.4062272,271,271
0,0.21,2.2285927,2.2765288,247,247
0,0.21,1.9588041,1.94458,277,277
0,0.21,1.7500226,1.7706887,283,283
0,0.21,1.4906204,1.434813,295,295
0,0.21,2.1491378,2.0582407,275,275
0,0.21,2.7240943,2.7310731,279,279
0,0.21,1.2567064,1.2372615,247,247
0,0.21,1.8560576,1.8298266,269,269
0,0.21,1.6615247,1.6569956,247,247
0,0.21,2.2305468,2.1517177,305,305
0,0.21,1.4389878,1.3421367,267,267
0,0.21,1.6772315,1.6182189,263,263
0,0.21,1.4254674,1.426638,251,251
0,0.21,2.5046043,2.5831371,273,273
0,0.21,1.1691235,1.2690606,321,321
0,0.21,2.2690167,2.1448927,295,295
0,0.21,1.4845015,1.6049881,247,247
0,0.21,2.0709994,2.0386094,253,253
0,0.21,2.1831791,2.1439281,323,323
0,0.21,1.8173317,1.8342774,273,273
0,0.21,2.5102241,2.5922901,271,271
0,0.21,2.0054414,1.9249056,259,259
0,0.21,2.2935559,2.2206847,281,281
0,0.21,1.6296413,1.6069349,277,277
0,0.21,1.6883049,1.6882364,283,283
0,0.21,2.2364676,2.3237622,271,271
0,0.21,2.7391004,2.5694775,297,297
0,0.21,1.5242985,1.5764285,247,247
0,0.21,1.1403436,1.1714778,257,257
0,0.21,2.7099769,2.759357,313,313
0,0.21,2.6324622,2.6038053,297,297
0,0.21,1.5799274,1.5913961,283,283
0,0.21,1.7657558,1.8080721,271,271
0,0.21,2.3050663,2.4247835,305,305
0,0.21,1.8798002,1.6400912,287,287
0,0.21,1.7916589,1.7980412,323,323
0,0.21,1.5661,1.5505751,297,297
0,0.21,2.2812574,2.3345684,245,245
0,0.21,2.0137915,1.9605659,269,269
0,0.21,2.5553179,2.4929756,263,263
0,0.21,1.9406664,1.9435574,297,297
0,0.21,1.3951915,1.3397047,299,299
0,0.21,2.305941,2.3901702,255,255
0,0.21,1.8547275,1.9132863,307,307
0,0.21,1.952537,1.9577429,251,251
0,0.21,2.0682772,2.1206604,253,253
0,0.21,2.0024966,1.9788884,309,309
0,0.21,2.1856411,2.2043099,287,287
0,0.21,2.6764421,2.7038783,279,279
0,0.21,1.210567,1.1918374,259,259
0,0.21,1.5390203,1.4844301,245,245
0,0.21,2.0325612,2.0724614,275,275
0,0.21,2.0117292,1.9901562,271,271
0,0.21,1.3505911,1.2904781,249,249
0,0.21,2.4350814,2.306853,261,261
0,0.21,2.6531551,2.7079652,277,277
0,0.21,2.0821497,2.1181003,285,285
0,0.21,1.9235326,1.8592732,305,305
0,0.21,2.1964683,2.2085566,261,261
0,0.21,1.9590027,2.0184463,263,263
0,0.21,2.2280578,2.1973294,265,265
0,0.21,1.6586996,1.6864286,287,287
0,0.26,2.9255393,2.8758509,355,355
0,0.26,2.9629637,2.9616842,277,277
0,0.26,3.1350286,3.3949774,329,329
0,0.26,2.1106689,2.0043984,297,297
0,0.26,1.6217573,1.6586913,331,331
0,0.26,3.2756277,3.2948213,401,401
0,0.26,3.0568578,3.054475,373,373
0,0.26,1.8563329,1.8700716,313,313
0,0.26,2.492089,2.580564,367,367
0,0.26,2.035076,2.0050772,273,273
0,0.26,3.3037614,3.2902566,313,313
0,0.26,2.1171659,2.1499793,329,329
0,0.26,2.9574025,2.9552675,299,299
0,0.26,2.4331534,2.434906,249,249
0,0.26,1.7364628,1.8047997,281,281
0,0.26,2.2537023,2.2411306,333,333
0,0.26,3.5615921,3.5751891,291,291
0,0.26,3.3856849,3.3974544,345,345
0,0.26,2.2795699,2.3149343,305,305
0,0.26,2.3298748,2.2810387,429,429
0,0.26,2.4030392,2.3742802,309,309
0,0.26,2.3682531,2.3704075,307,307
0,0.26,3.7760674,3.8446017,387,387
0,0.26,3.5832746,3.5858654,363,363
0,0.26,2.8046569,2.8584757,375,375
0,0.26,2.8123731,2.7724771,297,297
0,0.26,3.1044931,3.0545121,363,363
0,0.26,2.7320312,2.7677753,289,289
0,0.26,2.5524999,2.530975,309,309
0,0.26,4.3101623,4.387962,367,367
0,0.26,2.3525557,2.3541382,331,331
0,0.26,3.1868342,3.1732436,285,285
0,0.26,3.2820096,3.3457791,311,311
0,0.26,1.9770274,1.960981,309,309
0,0.26,2.5442915,2.7123002,415,415
0,0.26,2.2976556,2.3011741,305,305
0,0.26,2.9218566,2.9095621,293,293
0,0.26,3.5017003,3.5246445,349,349
0,0.26,2.9394814,2.9538558,323,323
0,0.26,2.7254141,2.7645243,281,281
0,0.26,2.8515942,2.8605941,361,361
0,0.26,2.3721664,2.3267062,317,317
0,0.26,2.9720529,3.0619388,305,305
0,0.26,1.9602882,1.9357148,279,279
0,0.26,2.9732007,3.0027603,301,301
0,0.26,2.6183874,2.7246307,341,341
0,0.26,2.0579394,2.1398761,317,317
0,0.26,2.6162324,2.6601097,355,355
0,0.26,2.390878,2.188218,303,303
0,0.26,2.4573076,2.4475601,307,307
0,0.26,4.4700639,4.3765374,401,401
0,0.26,2.6116259,2.5957559,267,267
0,0.26,3.3339499,3.3348488,283,283
0,0.26,2.2177658,2.1551354,329,329
0,0.26,2.3394098,2.3596422,323,323
0,0.26,2.4151843,2.3322655,325,325
0,0.26,2.6066885,2.5811047,281,281
0,0.26,2.0169555,2.0221115,305,305
0,0.26,2.6622666,2.702656,333,333
0,0.26,3.872721,3.9079171,375,375
0,0.26,2.1141465,2.0678955,399,399
0,0.26,1.6586312,1.6551536,359,359
0,0.26,3.078903,3.0458207,367,367
0,0.26,4.0278053,4.1036617,391,391
0,0.26,2.264905,2.2814405,277,277
0,0.26,2.0571669,1.9533583,277,277
0,0.26,2.0841676,2.0248005,313,313
0,0.26,2.4414729,2.5054327,431,431
